sent_id,sent,anno
6,但#新一代#的#你#又#知道#哪#幾#位#明日#之#星#呢,O O O O O O O O O O O O O O O O O O O O O O O O O O O O O
8,陳政錡#在#場#上#就#像是#溫暖#小太陽,B-PERSON I-PERSON I-PERSON O O O O O O O O O O O O O O O O O O
12,加上#白皙#帥氣#外型#、#高挑#身材,O O O O O O O O O O O O O O O O O O O
14,是#新一代#的#人氣王#之#一,O O O O O O O O O O O O O O O
19,「#自由男神#」#李佳軒#其實#早已#是#大前輩#、#大學#長,O O B-PERSON I-PERSON I-PERSON I-PERSON O O O B-PERSON I-PERSON I-PERSON O O O O O O O O O O O O O O O O O O O
35,迷妹#們#也#忍不住#「#姨母#笑#」#噴發,O O O O O O O O O O O O O O O O O O O O O O
36,挺#鼻#、#深邃#五官#的#小#鮮肉#標#配,O O O O O O O O O O O O O O O O O O O O O O
44,升上#高中#後#不只#在#聯賽#大放異彩,O O O O O O O O O O O O O O O O O O O O
47,李尼希米#才#加入#企排#第一#年,B-PERSON I-PERSON I-PERSON I-PERSON O O O O O O O O O O O O O
52,加上#那#閃閃#發亮#的#笑容,O O O O O O O O O O O O O O O
54,濃眉大眼#、#高挺#鼻樑,O O O O O O O O O O O O
57,一#走出來#就#會#迷倒#一#票#妹子,O O O O O O O O O O O O O O O O O O O
72,中華#一#隊#13:9#領先,O O O O O O O O O O O O O O
77,第二#局#雖然#菲律賓#先馳得點,O O O O O O O O O O O O O O O O
78,黃素琴#救球#、#中華#一#隊#雙人攔網#穩住#接連#得分#15:7,B-PERSON I-PERSON I-PERSON O B-DEFENSE I-DEFENSE O O O O O O O O O O B-DEFENSE I-DEFENSE I-DEFENSE I-DEFENSE O O O O O O O O O O O O O O
87,並#迎來#加拿大籍#新#教練#劉海琦,O O O O O O O O O O O O O O O B-PERSON I-PERSON I-PERSON
99,「#給#我們#更多#想法,O O O O O O O O O O O O
102,或是#在#賽前#的#新#的#東西,O O O O O O O O O O O O O O O O
110,也#還是#照#打#啊,O O O O O O O O O O
111,要#拿#冠軍,O O O O O O
118,自己#以#學長#身分#觀察陣#中#學弟,O O O O O O O O O O O O O O O O O O O
125,若是#能#針對#配球#再#調整,O O O O O O O O O O O O O O O
126,下#半#季#我們#其實#是#有#機會#成為#一#支#黑馬#球隊#的,O O O O O O O O O O O O O O O O O O O O O O O O O O O O O O O O O
127,第二#場#比賽#conti#面對到#男子組#老大哥#台電#公司,O O O O O O O O O O O O O O O O O O O O O O O O O O O O O O O
128,球員#卯足#拚勁#攻守,O O O O O O O O O O O
137,conti隊#氣勢#受到#打擊,O O O O O O O O O O O O O O O
153,今日#以#直落#三#的#局數#(#25:21#、#25:18#、#25:20#)#迅速#從#conti隊#手#中#搶下#勝利,O O O O O O O O O O O O O O O O O O O O O O O O O O O O O O O O O O O O O O O O O O O O O O O O O O O O O O O O O O O O O O
167,但#可以#看到#得#是,O O O O O O O O O O O
175,提振#球隊#士氣,O O O O O O O O
188,第一#週#到#現在,O O O O O O O O O
189,也#能#看出來#他#一直#有#在#勇於#突破,O O O O O O O O O O O O O O O O O O O O O O
201,今日#每#位#球員#一#開賽#很#快#就#進入#比賽#狀況,O O O O O O O O O O O O O O O O O O O O O O O O O O O O O
222,於#場#邊#休息#時#內心#總是#會#焦慮,O O O O O O O O O O O O O O O O O O O O O
228,不慎#扭傷#左腳#腳踝,O O O O O O O O O O O
237,隨即#下場#查看#傷勢#便#前往#就醫,O O O O O O O O O O O O O O O O O O O
249,所以#角度#要#打出來,O O O O O O O O O O O
260,潘均儒#自#過年#後#狀況#一直#都#不佳,B-PERSON I-PERSON I-PERSON O O O O O O O O O O O O O O O O O O
269,第三#局#開始,O O O O O O O
279,狀況#越來越#好,O O O O O O O O
280,談起#逆轉#關鍵,O O O O O O O O
285,康金塗#教練#也#提到,B-PERSON I-PERSON I-PERSON O O O O O O O O
291,對#她#來說#也#有點#辛苦,O O O O O O O O O O O O O O
303,也#在#下#半#賽季#重返#企排,O O O O O O O O O O O O O O O O
306,大家#會#提醒#我#要#注意,O O O O O O O O O O O O O O
310,不過#去年#2月#賽季#初期#一#次#練習#時#不慎#造成#右手#脫臼,O O O O O O O O O O O O O O O O O O O O O O O O O O O O O O O O O O O
314,「#當時#是#奧運#資格賽#結束#剛#從#泰國#回來#有#流感,O O O O O O O O O O O O O O O O O O O O O O O O O O O O O O O
330,也#沒有#跟#隊#上#一起#練,O O O O O O O O O O O O O O O
338,傷勢#還是#很#重要,O O O O O O O O O O
340,沒有#再#多#想#傷勢,O O O O O O O O O O O
354,台電#一#開局#靠#著#嚴密#防守#帶動#精彩#攻擊,O O O O O O O O O O O O O O O O O O O O O O O O O O
357,第3#局#雙方#拚盡#全#力,O O O O O O O O O O O O O O
358,鯨華#秉持#不能#輸#的#精神#在#一#開局#將#差距#拉開,O O O O O O O O O O O O O O O O O O O O O O O O O O O O O O
360,以#25#比#22#驚險#拿勝,O O O O O O O O O O O O O O O
363,因為#跟#鯨華#僅有#2#次#交手,O O O O O O O O O O O O O O O O O
364,對於#陌生#的#球隊#都#會#特別#亢奮,O O O O O O O O O O O O O O O O O O O O
369,談及#第3#局#後來居上,O O O O O O O O O O O O
375,兩#隊#一#開始#陷入#膠著#之#際,O O O O O O O O O O O O O O O O O O
411,中華#排協#秘書長#章金榮#表示,O O O O O O O O O O B-PERSON I-PERSON I-PERSON O O O
425,但#桃園#臺產#多#人#發揮,O O O O O O O O O O O O O O
429,以#25:18#先#下#一#城,O O O O O O O O O O O O O O O
440,多#次#攔網#成功,O O O O B-DEFENSE I-DEFENSE O O O
441,澆熄#雲林#美津#濃追#分#氣焰,O O O O O O O O O O O O O O O O
444,」#今日#對#上前#東家#的#曾祥銘#坦言,O O O O O O O O O O O O O O O B-PERSON I-PERSON I-PERSON O O O
445,外界#都#很#關注#他#轉隊#後#的#狀態#與#表現,O O O O O O O O O O O O O O O O O O O O O O O O O O
451,雙方#精兵#盡出,O O O O O O O O
452,「#新秀#」#先發#上陣,O O O O O O O O O O O O
454,為#攻擊#端#加乘#火力,O O O O O O O O O O O O
455,成功#以#3#比#0#(#25:21#、#25:19#、#25:17#)#贏得#頭籌,O O O O O O O O O O O O O O O O O O O O O O O O O O O O O O O O O O O O O O O O O O
459,前#排#還#有#劉鴻敏#、#黃正良#兩#人#固守,O O O O O O O O B-PERSON I-PERSON I-PERSON O O O B-PERSON I-PERSON I-PERSON O O O O O O O
465,替#球隊#爭取#兩#分#的#領先#優勢,O O O O O O O O O O O O O O O O O O O
471,靠#著#發球#與#後排攻擊#追平#比#分,O O O O O O O O O O O B-ATTACK I-ATTACK O O O O O O O
479,終#在#顏振富#的#快攻#下,O O O O B-PERSON I-PERSON I-PERSON O O O B-ATTACK I-ATTACK O O
481,從#雲林#美津濃#畢業,O O O O O O O O O O O
494,前#一#日#就#先#「#暖機#」#的#臺北#鯨華#延續#火燙#手感,O O O O O O O O O O O O O O O O O O O O O O O O O O O O O O O O O
500,最後#以#3#比#1#(#25:11#、#12:25#、#25:18#、#25:14#)#再#收#一#勝,O O O O O O O O O O O O O O O O O O O O O O O O O O O O O O O O O O O O O O O O O O O O O O O O O O O O
524,終場#以#25:14#達成#開季#二#連勝,O O O O O O O O O O O O O O O O O O O O O
540,面對#經驗#豐富#的#臺中#太陽神,O O O O O O O O O O O O O O O O O
565,經過#一#晚#調整#心態,O O O O O O O O O O O O
592,今天#熱機#比較#慢,O O O O O O O O O O
598,即使#第二#局#處於#落後,O O O O O O O O O O O O O
606,快速#將#比分#拉開,O O O O O O O O O O
612,臺中#太陽神#在#簡偉倫#、#黃柏叡#的#堅強#防守#下,O O O O O O O O O B-PERSON I-PERSON I-PERSON O O O B-PERSON I-PERSON I-PERSON O O O O O O O O O O
623,終#以#25:20#在#第三#週#賽事#旗開#得勝,O O O O O O O O O O O O O O O O O O O O O O O O O
625,經過#近#兩#週#的#休養,O O O O O O O O O O O O O
631,臺中#太陽神#在#自由#球員#的#工作#分配#上,O O O O O O O O O O O O O O O O O O O O O O O O
639,主攻#位#的#蔡幼群#、#林書荷#也#帶給#中國#人纖#極#大#的#威脅,O O O O O O O O O O O O O O O O O O O O O O O O O O O O O O O O O O O O
642,兩#隊#網前攻勢#不斷,O O O O B-ATTACK I-ATTACK I-ATTACK I-ATTACK O O O
649,強力#的#四號位#重扣#帶給#現場#驚呼聲#不斷,O O O O O O O O O B-ATTACK I-ATTACK O O O O O O O O O O O O O
653,外援#與#本土#球員#的#好#默契#讓#極速#超跑#一口氣#連下#兩#城,O O O O O O O O O O O O O O O O O O O O O O O O O O O O O O O O O O O O
665,拿到#一#號#號碼牌#是#阿焦#(#焦璿誠#)#的#球迷,O O O O O O O O O O O O O B-PERSON I-PERSON O O O B-PERSON I-PERSON I-PERSON O O O O O O O
674,場場#都#會#看#他#比賽,O O O O O O O O O O O O O
675,期許#太陽神#今年#所有#的#球員#球賽#順利,O O O O O O O O O O O O O O O O O O O O O O O
682,第二#波#的#一#日#店長#活動#是#球團#感謝#本#次#贊助商#大力#支持#力挺#臺中#主場,O O O O O O O O O O O O O O O O O O O O O O O O O O O O O O O O O O O O O O O O O O O O O O O
691,再#以#17#比#15#險勝,O O O O O O O O O O O O O O
695,隊#上#看版#球星#高偉誠#和#吳宗軒#分別#拿下#全#隊#最#高#的#26#分#、#焦璿誠#也#有#21#分#進帳,O O O O O O O O O O B-PERSON I-PERSON I-PERSON O O O B-PERSON I-PERSON I-PERSON O O O O O O O O O O O O O O O O O O O O O O O O B-PERSON I-PERSON I-PERSON O O O O O O O O O O O O
701,也#讓#鯨華#喊出#暫停,O O O O O O O O O O O O
702,暫停#回來#之後,O O O O O O O O
711,靠#著#Maria#的#攔網#得手#帶動#球隊#氣勢,O O O O B-PERSON I-PERSON I-PERSON I-PERSON I-PERSON O O O B-DEFENSE I-DEFENSE O O O O O O O O O O O O
713,兩#隊#進入#拉鋸,O O O O O O O O O
730,第四#局#由#Berkeley#的#快攻#得分#開局#得手,O O O O O O O B-PERSON I-PERSON I-PERSON I-PERSON I-PERSON I-PERSON I-PERSON I-PERSON O O O B-ATTACK I-ATTACK O O O O O O O O O
733,甘可慧#再度#跳出#當#英雄,B-PERSON I-PERSON I-PERSON O O O O O O O O O O O
735,超跑#立即#變化#進攻#節奏,O O O O O O O O O B-ATTACK I-ATTACK O O O
737,破壞#了#鯨華#的#攻守#節奏#並#重新#取得#領先,O O O O O O O O O O O O O O O O O O O O O O O O O O
750,開局#台電#劉鴻敏#攻擊#得分,O O O O O O B-PERSON I-PERSON I-PERSON O B-ATTACK I-ATTACK O O O
783,台電#以#3#比#1#的#局數#收下#冠軍戰#第一#勝,O O O O O O O O O O O O O O O O O O O O O O O O O O O
786,就#是#好#機會#的#時候#沒有#打出來,O O O O O O O O O O O O O O O O O O O O
791,首#局#首#局#鯨華#漢娜#與#吳芳妤#的#攻勢#打出#3#比#1#的#領先,O O O O O O O O O O O B-PERSON I-PERSON O O O B-PERSON I-PERSON I-PERSON O O O B-ATTACK I-ATTACK O O O O O O O O O O O O O O
796,但#仍#無法#追趕上#台電,O O O O O O O O O O O O O
799,此後#台電#氣勢洶洶#壓#著#鯨華#打,O O O O O O O O O O O O O O O O O O O
804,加上#鯨華#靠#著#多樣化#的#進攻#手段#穩定#領先,O O O O O O O O O O O O O O O O B-ATTACK I-ATTACK O O O O O O O O O
812,以#25#比#0#再#下#一#城,O O O O O O O O O O O O O O O O
815,防守#端#則#在#甘可慧#與#隊友#的#配合#下#多#次#封鎖#李姿瑩#的#進攻,B-DEFENSE I-DEFENSE O O O O O O O B-PERSON I-PERSON I-PERSON O O O O O O O O B-COOPERATION I-COOPERATION O O O O O O O O O O B-PERSON I-PERSON I-PERSON O O O B-ATTACK I-ATTACK
821,臺北#鯨華#球員#廖苡任#分享#從#排球#得到#的#啟發,O O O O O O O O O B-PERSON I-PERSON I-PERSON O O O O O O O O O O O O O O O O
823,那#凝聚力#的#感覺#真的#是#非常#享受,O O O O O O O O O O O O O O O O O O O O O
824,所以#我#覺得,O O O O O O O
826,然後#可以#增加#人際#關係,O O O O O O O O O O O O O O
829,就#暫別#國內#排球#舞台#的#連莊#男子#排球隊,O O O O O O O O O O O O O O O O O O O O O O O O O
838,本#賽季#則#是#加入#連莊,O O O O O O O O O O O O O O
839,劉鴻杰#近年#則#是#受到#傷勢#影響,B-PERSON I-PERSON I-PERSON O O O O O O O O O O O O O O O O
842,再度#在#企排#同#一#支#球隊#合體,O O O O O O O O O O O O O O O O O O O
844,還#從#大專#、#高中#聯賽#物色#好手,O O O O O O O O O O O O O O O O O O O O
847,劉鴻杰#表示,B-PERSON I-PERSON I-PERSON O O O
856,我們#有#機會#當然#都#想要#旅#外,O O O O O O O O O O O O O O O O O O O
864,甚至#是#第一#次#打企#排,O O O O O O O O O O O O O O
904,「#其實#現在#各#隊#的#實力#都#很#不錯,O O O O O O O O O O O O O O O O O O O O O O O
908,今#(#16日#)#於#臺灣#體大#體育館#進行,O O O O O O O O O O O O O O O O O O O O O O O O
919,但#台電#發揮#團隊#雄厚#的#板凳#深度,O O O O O O O O O O O O O O O O O O O O O
927,conti #一度#取得#兩#分#領先,O O O O O O O O O O O O O O O O O O O
941,迫使#台電#喊出#暫停,O O O O O O O O O O O
956,初期#雙方#殺#的#難分難解,O O O O O O O O O O O O O O
961,鯨華#把握#台電#失誤#扳平#分數,O O O O O O O O O O O O O O O O O
980,台電#後繼無力,O O O O O O O
982,開幕週#結束,O O O O O O
1028,兩#隊#接連#頻繁#調度#人手,O O O O O O O O O O O O O O O
1037,但#連莊#宋柏霆#加重#磅數#大開#殺戒,O O O O O B-PERSON I-PERSON I-PERSON O O O O O O O O O O O O
1053,年輕#的#她#不畏#長人,O O O O O O O O O O O O
1080,兩#隊#的#總#得分#是#135#分,O O O O O O O O O O O O O O O O O O
1081,但#雙方#光#是#失誤#送分#加起來#就#高達#63#分,O O O O O O O O O O O O O O O O O O O O O O O O O O O O
1107,中堃#失誤#送出#38#分,O O O O O O O O O O O O O
1116,女子組#首#場#中堃#飛鷹#以#25:23#、#25:16#、#25:21#打敗#匯竑#國際,O O O O O O O O O O O O O O O O O O O O O O O O O O O O O O O O O O O O O O O O O O O O O O
1122,「#雅雅#」#陳姿雅#8#分,O O B-PERSON I-PERSON O O O B-PERSON I-PERSON I-PERSON O O O O
1131,黃瀞萱#笑說,B-PERSON I-PERSON I-PERSON O O O
1154,但#最終#被#母親#和#教練#說服,O O O O O O O O O O O O O O O O O
1156,加入#新園#國中#、#東山#高中,O O O O O O O O O O O O O O O O
1178,從#愛山林#轉隊#至#鯨華#的#甘可慧,O O O O O O O O O O O O O O O O B-PERSON I-PERSON I-PERSON
1212,助隊#拿下#前#兩#局,O O O O O O O O O O O
1213,雖#第3#局#愛#山林#試圖#反撲,O O O O O O O O O O O O O O O O O
1221,加上#愛#山林#失誤#偏#多,O O O O O O O O O O O O O O
1223,次局,O O
1224,中纖#靠#著#邱雅慧#發球#直接#得分#首開#紀錄,O O O O O O O B-PERSON I-PERSON I-PERSON O O O O O O O O O O O O O O O
1232,隨後#中纖#靠#著#Valdez#幾#次#在#網前的攻擊#得手#拉開#分差,O O O O O O O O O O B-PERSON I-PERSON I-PERSON I-PERSON I-PERSON I-PERSON O O O O O O O O O O B-ATTACK I-ATTACK O O O O O O O O O
1237,又#將#比數#稍微#拉開,O O O O O O O O O O O O
1258,最後#讓#台電#男排#以#35:33#拿下#第2#局,O O O O O O O O O O O O O O O O O O O O O O O O O O
1264,最後#台電#男排#以#25:21#拿下#本#場#賽事#勝利,O O O O O O O O O O O O O O O O O O O O O O O O O O O O O
1273,三#年#以來#都#是#球隊#中#的#核心#主力,O O O O O O O O O O O O O O O O O O O O O O O
1275,此#次#加入#更#能#為#屏東#台電#注入#穩定#戰力,O O O O O O O O O O O O O O O O O O O O O O O O O O O
1277,本#場#比賽#臺中#太陽神#火力#全#開,O O O O O O O O O O O O O O B-ATTACK I-ATTACK O O O O
1283,但#太陽神#焦璿誠#與#「#小高#」#高偉誠#的#猛烈#攻勢#聯手#替#球隊#取得#四#分#領先,O O O O O O B-PERSON I-PERSON I-PERSON O O O O O B-PERSON I-PERSON O O O B-PERSON I-PERSON I-PERSON O O O O O O B-ATTACK I-ATTACK O O O O O O O O O O O O O O O O O O
1286,桃園#臺產#劉昱麟#與#陳冠中#試圖#反撲#緊咬#比數,O O O O O O B-PERSON I-PERSON I-PERSON O O O B-PERSON I-PERSON I-PERSON O O O O O O O O O O O O
1289,太陽神#將#領先#擴大到#六分,O O O O O O O O O O O O O O O
1295,連續攻擊#得手#幫助#球隊#取得#四#分#領先,O O B-ATTACK I-ATTACK O O O O O O O O O O O O O O O O O O O
1301,焦璿誠#與#吳宗軒#一#左#一#右#的#攻擊#再次#幫助#球隊#取得#領先,B-PERSON I-PERSON I-PERSON O O O B-PERSON I-PERSON I-PERSON O O O O O O O O O O O B-ATTACK I-ATTACK O O O O O O O O O O O O O O O
1302,雖#桃園#臺產#曾#將#差距#縮小#至#兩#分,O O O O O O O O O O O O O O O O O O O O O O O
1311,搭配#施宗諭#與#焦璿誠#的#攻擊#得手,O O O B-PERSON I-PERSON I-PERSON O O O B-PERSON I-PERSON I-PERSON O O O B-ATTACK I-ATTACK O O O
1315,首日#另#場#男子組#賽事,O O O O O O O O O O O O O
1319,在#首#戰#過後#暫居#得分#王,O O O O O O O O O O O O O O O O
1326,簡名均#也#獲#19#分,B-PERSON I-PERSON I-PERSON O O O O O O O O O
1335,Zsanett#、#劉美菁#都#攻得#21#分,B-PERSON I-PERSON I-PERSON I-PERSON I-PERSON I-PERSON I-PERSON O O O B-PERSON I-PERSON I-PERSON O O O O O O O O O O
1349,25#比#19#、#20#、#20,O O O O O O O O O O O O O O O O O
1354,種下#敗因,O O O O O
1355,體育處#指出,O O O O O O
1359,包含#「#禁衛軍士官長#」#楊敬敏#、#「#護國神Q#」#戴維斯#、#「#黑豹#」#阿巴西#、#「#大房東#」#曾文鼎#都#將#來到#市民#廣場,O O O O O B-PERSON I-PERSON I-PERSON I-PERSON I-PERSON I-PERSON O O O B-PERSON I-PERSON I-PERSON O O O O O B-PERSON I-PERSON I-PERSON I-PERSON O O O B-PERSON I-PERSON I-PERSON O O O O O B-PERSON I-PERSON O O O B-PERSON I-PERSON I-PERSON O O O O O B-PERSON I-PERSON I-PERSON O O O B-PERSON I-PERSON I-PERSON O O O O O O O O O O O O O
1378,總冠軍戰#對上#屏東#台電#應該#是#五五#波,O O O O O O O O O O O O O O O O O O O O O O O
1383,他#能#做#的#就#是#贏#球#來#謝謝#他們,O O O O O O O O O O O O O O O O O O O O O O O
1406,只要#努力#就#會#達成#目標,O O O O O O O O O O O O O O O
1418,她#透露#雖然#有#壓力,O O O O O O O O O O O O
1426,廖苡任#自評,B-PERSON I-PERSON I-PERSON O O O
1432,廖苡任#補充,B-PERSON I-PERSON I-PERSON O O O
1434,還要#擔任#球員#與#教練團#、#高層#的#橋樑,O O O O O O O O O O O O O O O O O O O O O O O O
1437,「#但#也#讓#我#看#得#更#全面,O O O O O O O O O O O O O O O O O O
1446,最#大#問題#還是#在#自己,O O O O O O O O O O O O O O
1479,鯨華#迅速#取得#領先#並#維持#4#分#左右#優勢,O O O O O O O O O O O O O O O O O O O O O O O O O O
1501,差距#更加#懸殊,O O O O O O O O
1510,得分#也#頗#平均,O O O O O O O O O
1519,獲得#連勝,O O O O O
1534,但#桃園#臺#產陣#中#已#有#鄭玉森#、#黃意凱,O O O O O O O O O O O O O O O O B-PERSON I-PERSON I-PERSON O O O B-PERSON I-PERSON I-PERSON
1535,本#季#陳柏勳#將#以#一般#攻擊#手#的#身份#協助#場#上#防守,O O O O B-PERSON I-PERSON I-PERSON O O O O O O O O O O O O O O O O O O O O O O O O O B-DEFENSE I-DEFENSE
1541,今年#並#沒有#在#桃園#臺#產#的#名單#中,O O O O O O O O O O O O O O O O O O O O O O O
1549,今年#將#首度#挑戰#企業#聯賽,O O O O O O O O O O O O O O O O
1558,而#快攻#手#呂姜耀凱#則#是#在#空窗#六#年#後#收到#連莊#的#邀請,O O O O O O O O B-PERSON I-PERSON I-PERSON O O O O O O O O O O O O O O O O O O O O O O O O O O
1563,以及#石修智#、#張閔舜#、#董力億#等#人,O O O B-PERSON I-PERSON I-PERSON O O O B-PERSON I-PERSON I-PERSON O O O B-PERSON I-PERSON I-PERSON O O O O
1569,更#與#同樣#超過# 190 #公分#的#張良皓,O O O O O O O O O O O O O O O O O O O O O B-PERSON I-PERSON I-PERSON
1573,事實#上#在#高中#畢業#後,O O O O O O O O O O O O O O
1576,大學#實習#期間#首次#接觸#廣告#產業#讓#他#深感#興趣,O O O O O O O O O O O O O O O O O O O O O O O O O O O O O O
1584,只是#沒想到#會#找到#我,O O O O O O O O O O O O O
1610,雖#未#於#影片#、#內文#提及#球員#身份,O O O O O O O O O O O O O O O O O O O O O O
1616,並#與#台電#成員#一同#打下#例行賽#、#挑戰賽#八#連霸#的#輝煌#成績,O O O O O O O O O O O O O O O O O O O O O O O O O O O O O O O O O O O O O O
1620,劉鴻杰#則#是#在# 2019-#20 #賽季#結束#名古屋#狼犬#的#旅外#挑戰#後,B-PERSON I-PERSON I-PERSON O O O O O O O O O O O O O O O O O O O O O O O O O O O O O O O O O O O O O O O O
1623,下#個#球季#情#歸#何處#也#成為#球迷#關注#的#焦點,O O O O O O O O O O O O O O O O O O O O O O O O O O O O O
1636,2021#-#22# #賽季#更#以#總#得分# #511# #分#排名#所有#參賽#球員#第六,O O O O O O O O O O O O O O O O O O O O O O O O O O O O O O O O O O O O O O O O O O O O O O O O
1637,此#次#布萊恩#身#著# 1 號#球衣,O O O O B-PERSON I-PERSON I-PERSON O O O O O O O O O O O O
1638,與#連莊#男排#攜手#參加#馬來西亞#邀請賽,O O O O O O O O O O O O O O O O O O O O O O
1640,連莊男排#於# 8 月# 25 日#至# 28 日#參加# WSVI #國際#排球#邀請賽,O O O O O O O O O O O O O O O O O O O O O O O O O O O O O O O O O O O O O O O O O O O O O
1649,見面#會#更#是#禮物#大放送,O O O O O O O O O O O O O O O
1655,六#支#男#排球隊#將#會#帶給#大家#更#精彩#的#比賽#內容,O O O O O O O O O O O O O O O O O O O O O O O O O O O O O O O O
1657,面對#連莊#的#挑戰#有#和#應對#之#策,O O O O O O O O O O O O O O O O O O O O O
1658,黃士展#表示,B-PERSON I-PERSON I-PERSON O O O
1661,下#季#一樣#朝#著#冠軍#目標#努力,O O O O O O O O O O O O O O O O O O O
1663,球迷#們#也#相當#好奇#兩#人#在#球員#生涯#之後#的#規劃,O O O O O O O O O O O O O O O O O O O O O O O O O O O O O O O O
1671,同樣#也#是#中華#男排#的#得分#主力,O O O O O O O O O O O O O O O O O O O O
1673,下#個#亞運#週期#相信#他#仍#是#中華#男排#不可或缺#的#戰力,O O O O O O O O O O O O O O O O O O O O O O O O O O O O O O O O O O
1683,劉昱麟#出身#乙#組#冠軍#隊伍#臺中#二中,B-PERSON I-PERSON I-PERSON O O O O O O O O O O O O O O O O O O O
1685,劉少宇#去年#進入#中原#時,B-PERSON I-PERSON I-PERSON O O O O O O O O O O O
1687,因此#並#無#太多#的#上場#機會,O O O O O O O O O O O O O O O O O
1693,連莊#派出#的#兩#支#隊伍#將#以#「#連莊#」#、#「#WIN+STREAK#」#隊名#參戰#臺產盃,O O O O O O O O O O O O O O O O O O O O O O O O O O O O O O O O O O O O O O O O O O O O O O O O O O O O
1701,來到#台灣#前#曾#加盟#巴西#國內#聯賽#中#多#支#俱樂部#隊伍,O O O O O O O O O O O O O O O O O O O O O O O O O O O O O O O O O O
1702,前#東家#包含#近#幾#屆#世俱盃#四#強#隊伍# Minas#、#Osasco,O O O O O O O O O O O O O O O O O O O O O O O O O O O O O O O O O O O O O O O O
1706,今年# 30# #歲#的# #Carla,O O O O O O O O O O O O O O O B-PERSON I-PERSON I-PERSON I-PERSON I-PERSON
1710,為#極速#超跑#攻擊#端#注入#戰力,O O O O O O O O O O O O O O O O O O
1717,2022# #第一#屆#臺產盃#學生組#、#社會組#賽事#皆#完美#落幕,O O O O O O O O O O O O O O O O O O O O O O O O O O O O O O O O O O O O
1730,更#邀請#旅日#三#年#的#菲律賓#外援#布萊恩#(#Bryan Bagunas#)#來#台#加盟,O O O O O O O O O O O O O O O O O O O O O B-PERSON I-PERSON I-PERSON O O O B-PERSON I-PERSON I-PERSON I-PERSON I-PERSON I-PERSON I-PERSON I-PERSON I-PERSON I-PERSON I-PERSON I-PERSON I-PERSON O O O O O O O O O
1732,上#週末#舉行#的#第一#屆#臺產盃#社會組#賽事,O O O O O O O O O O O O O O O O O O O O O O O O O
1735,成功#帶領#連莊#奪冠,O O O O O O O O O O O
1739,雖然#在#日本#有#穩定#成長#的#表現,O O O O O O O O O O O O O O O O O O O O
1748,台灣人#也#都#相當#友善,O O O O O O O O O O O O O
1749,因此#很#期待#在#台灣#的#日子,O O O O O O O O O O O O O O O O O
1758,布萊恩#這#次#來#台#之前,B-PERSON I-PERSON I-PERSON O O O O O O O O O O O
1759,八月#曾#與#連莊#在#國外#會合#參加#馬來西亞#邀請賽,O O O O O O O O O O O O O O O O O O O O O O O O O O O O O
1762,需要#建立#彼此#間#的#默契,O O O O O O O O O O O O O O O
1777,球隊#陣容#方面,O O O O O O O O
1788,榮膺#該#年度#最佳#舉球,O O O O O O O O O O O O O
1789,今年#是#高得益#時隔#六#個#賽季#回歸#企聯#舞台,O O O O O B-PERSON I-PERSON I-PERSON O O O O O O O O O O O O O O O O O O O
1802,過去#皆#以#青女隊#為#班底#組成#的#企業#聯賽#女子隊伍#愛山林,O O O O O O O O O O O O O O O O O O O O O O O O O O O O O O O O O O O
1814,愛#山林#本#季#再#找進# U20 #舉球#蘇子倩,O O O O O O O O O O O O O O O O O O O O O O O B-PERSON I-PERSON I-PERSON
1816,本#季#新#加入#蘇子倩#、#江辰翊#兩#位#舉球#員#外,O O O O O O O O O B-PERSON I-PERSON I-PERSON O O O B-PERSON I-PERSON I-PERSON O O O O O O O O O O O
1825,在#今年#四月# HVL #乙#級#決賽#也#為#團隊#取得#三#連霸#成績,O O O O O O O O O O O O O O O O O O O O O O O O O O O O O O O O O O O O O O
1836,在#企業#聯賽#中#與#對手#展開#激烈#競爭,O O O O O O O O O O O O O O O O O O O O O O O
1842,身為#舉球#員#的#林嘉偉,O O O O O O O O O O B-PERSON I-PERSON I-PERSON
1860,本#季#新#加盟#的#巴西#快攻#手# #Gabi#(#Gabriela Fabiano#),O O O O O O O O O O O O O O O O O O O O O B-PERSON I-PERSON I-PERSON I-PERSON O O O B-PERSON I-PERSON I-PERSON I-PERSON I-PERSON I-PERSON I-PERSON I-PERSON I-PERSON I-PERSON I-PERSON I-PERSON I-PERSON I-PERSON I-PERSON I-PERSON O O
1861,2020#-#21# #賽季#曾#與# #Bia# #一同#效力#於#巴西#聯賽#俱樂部# São #José dos Pinhais,O O O O O O O O O O O O O O O O O O O O O B-PERSON I-PERSON I-PERSON O O O O O O O O O O O O O O O O O O O O O O O O O O O O O O O O O O O O O O O O O O O O O
1867,奪下#邀請賽#亞軍,O O O O O O O O O
1874,為#臺北#鯨華#注入#一#股#強大#戰力,O O O O O O O O O O O O O O O O O O O O
1884,以及#中正#大學#快攻#手#葉軒岑,O O O O O O O O O O O O O O B-PERSON I-PERSON I-PERSON
1886,巴西#主攻#手# #Carla Santos# #自# 2007 年#起#投入#巴西#聯賽#賽場,O O O O O O O O O O B-PERSON I-PERSON I-PERSON I-PERSON I-PERSON I-PERSON I-PERSON I-PERSON I-PERSON I-PERSON I-PERSON I-PERSON O O O O O O O O O O O O O O O O O O O O O O O O O O
1889,有趣#的#是#她#與#臺北#鯨華# #Bia#、#Gabi# #兩#位#外援#於# 2020-21 #賽季#同樣#效力#於#巴西#俱樂部# São #José dos Pinhais,O O O O O O O O O O O O O O O O O O O B-PERSON I-PERSON I-PERSON O O O B-PERSON I-PERSON I-PERSON I-PERSON O O O O O O O O O O O O O O O O O O O O O O O O O O O O O O O O O O O O O O O O O O O O O O O O O O O O O O O O O O O O O O O O
1890,今年#則#將#在#台灣#企聯#隔網#較勁,O O O O O O O O O O O O O O O O O O O O
1917,更#是#同#隊#效力#台電#多#年,O O O O O O O O O O O O O O O O O
1919,今年#主戰力#與#上#個#賽季#差異#不#大,O O O O O O O O O O O O O O O O O O O O O O
1922,加上#幾#名#新#生力軍#補強,O O O O O O O O O O O O O O O
1923,屏東#台電#本#季#蓄勢待發#挑戰#九#連霸,O O O O O O O O O O O O O O O O O O O O O O
1924,新#加入#屏東#台電#的#主攻#手#洪宇叡,O O O O O O O O O O O O O O O O O O B-PERSON I-PERSON I-PERSON
1925,是#去年#曾文#農工#的#隊長,O O O O O O O O O O O O O O O
1935,陳玠廷#的#防守#能力#提升#不少,O O O O O O B-DEFENSE I-DEFENSE O O O O O O O O O
1953,為#台電#補進#舉球#新#戰力,O O O O O O O O O O O O O O O
1957,李怡萱#曾#在# 2018# #年#身#披#「#極速#超跑#」#球衣#重返#企聯#一#個#賽季,B-PERSON I-PERSON I-PERSON O O O O O O O O O O O O O O O O O O O O O O O O O O O O O O O O O O O O O O O O O O O O
1974,當時#在#「#光頭神舉#」#黃培閎#畢業#後#成為#撐起#臺師大#舉球#的#角色,O O O O O O O B-PERSON I-PERSON I-PERSON I-PERSON O O O B-PERSON I-PERSON I-PERSON O O O O O O O O O O O O O O O O O O O O O O O
1979,不僅#勾起#球迷#們#昔日#的#回憶,O O O O O O O O O O O O O O O O O O
1994,首#場#比賽#將#在# 10/22# #下午# 2 點#對上# conti,O O O O O O O O O O O O O O O O O O O O O O O O O O O O O O O O O O O O O
2003,也#曾#在#臺中#太陽神#手#中#拿下#勝利,O O O O O O O O O O O O O O O O O O O O O O
2004,過去#是# conti #主力#成員#的#宋柏霆#、#張昀亮#今年#改披#連莊#戰袍,O O O O O O O O O O O O O O O O O O O O O B-PERSON I-PERSON I-PERSON O O O B-PERSON I-PERSON I-PERSON O O O O O O O O O O O O
2013,去年#內工隊長#洪晨祐#這#次#將#以#自由#球員#身份#上場,O O O O O O O O B-PERSON I-PERSON I-PERSON O O O O O O O O O O O O O O O O O O O O
2020,不僅#將#鞏固# conti #後排防守,O O O O O O O O O O O O O O O O B-DEFENSE I-DEFENSE I-DEFENSE I-DEFENSE
2030,開賽#前#特地#為#謝苡縥#、#楊孟樺#舉行#引退#儀式,O O O O O O O O O O B-PERSON I-PERSON I-PERSON O O O B-PERSON I-PERSON I-PERSON O O O O O O O O O
2037,以國#北教#大為#班底#的# conti #首#戰#對上中原#為#班底#的#桃園#臺#產,O O O O O O O O O O O O O O O O O O O O O O O O O O O O O O O O O O O O O O O O O O O O
2092,企業# 18# 年#例行賽#第二#戰#迎戰# conti,O O O O O O O O O O O O O O O O O O O O O O O O O O O O
2099,」#期待#未來#在#場#上#能#更加#穩定,O O O O O O O O O O O O O O O O O O O O O
2109,本#場#總計#貢獻# 9 #分,O O O O O O O O O O O O O O O
2124,今年#臺北#鯨華#迎來#幾#名#球員#異動,O O O O O O O O O O O O O O O O O O O O O
2126,另外#在#快攻#、#主攻#、#自由#方面#都#有#新#球員#加入,O O O O O B-ATTACK I-ATTACK O O O O O O O O O O O O O O O O O O O O O O O O O
2135,展現#不#一樣#的#風格,O O O O O O O O O O O O
2152,表示#不斷#在#尋找#適合#鯨華#風格,O O O O O O O O O O O O O O O O O O O
2153,又#能#帶來#不同#感覺#的#球員,O O O O O O O O O O O O O O O O O
2154,這#次#簽下# #Bia# #的#巴西#隊友# #Gabi,O O O O O O O O O B-PERSON I-PERSON I-PERSON O O O O O O O O O O O O O B-PERSON I-PERSON I-PERSON I-PERSON
2159,「#劇本#有點#倒#著#走,O O O O O O O O O O O O O
2160,但# #Bia# #很#開心#我們#選到# #Gabi,O O O O B-PERSON I-PERSON I-PERSON O O O O O O O O O O O O O O O O B-PERSON I-PERSON I-PERSON I-PERSON
2183,自己#可以#穩定住#的話,O O O O O O O O O O O O
2184,也#能#為#團隊#帶來#效益,O O O O O O O O O O O O O O
2202,包含#大一生#劉昱麟#、#陳柏勳,O O O O O O O B-PERSON I-PERSON I-PERSON O O O B-PERSON I-PERSON I-PERSON
2207,讓#他們#慢慢#調整#步調,O O O O O O O O O O O O O
2214,去#面對#未來#的#大專盃#、#企業#聯賽#等等,O O O O O O O O O O O O O O O O O O O O O O O O
2219,連莊#全#員#皆#兵輪#替#上場,O O O O O O O O O O O O O O O O
2224,攻擊#得分#不斷#進帳,B-ATTACK I-ATTACK O O O O O O O O O
2225,時隔#多#年#再度#站上#企聯#舞台#的#劉鴻杰#也#在#前#排#積極#攔網,O O O O O O O O O O O O O O O O O O O O O B-PERSON I-PERSON I-PERSON O O O O O O O O O O O O B-DEFENSE I-DEFENSE
2226,製造#防守#反攻#的#機會,O O O B-DEFENSE I-DEFENSE O B-ATTACK I-ATTACK O O O O O
2237,回去#之後#都#要#再#加強#穩定,O O O O O O O O O O O O O O O O O
2239,張昀亮#認為#「#士氣#」#就#是#自身#優勢,B-PERSON I-PERSON I-PERSON O O O O O O O O O O O O O O O O O O O O
2241,我#一定#不會#讓#我們#士氣#掉下去,O O O O O O O O O O O O O O O O O O O
2242,再#加上#我們#的#外援#在#場#上#的#優勢,O O O O O O O O O O O O O O O O O O O O O O O
2254,雖#以# 1-3 #吞下#敗仗,O O O O O O O O O O O O O O O
2262,「#現在#師大#有#個#斷層,O O O O O O O O O O O O O O
2265,現在#在#華僑#當#教練,O O O O O O O O O O O O
2272,許美中#也#擔任#球隊#主要#接發球#的#角色,B-PERSON I-PERSON I-PERSON O O O O O O O O O O O O B-DEFENSE I-DEFENSE I-DEFENSE O O O O O
2282,上#季#以#例行賽#第五#名#成績#作結#的#雲林#美津#濃,O O O O O O O O O O O O O O O O O O O O O O O O O O O O O O
2306,僅#在#企聯#開幕#前#的#熱身賽#中#短暫#搭配,O O O O O O O O O O O O O O O O O O O O O O O O O
2307,身為#舉球#員#的#張洵瑞#在#調度#上#也#有#自己#的#一#套#方法,O O O O O O O O O O B-PERSON I-PERSON I-PERSON O O O O O O O O O O O O O O O O O O O O O O O
2308,「#前面#會#先#打#保守#一點#的#球,O O O O O O O O O O O O O O O O O O O O
2312,」#上#季#愛#山林#大多#以#東山#一#組#、#中山#內#中#一#組#的#方式#上陣,O O O O O O O O O O O O O O O O O O O O O O O O O O O O O O O O O O O O O O O O O O O
2317,張洵瑞#表示#希望#自己#的#表現#可以#更加#穩定,B-PERSON I-PERSON I-PERSON O O O O O O O O O O O O O O O O O O O O O O O
2318,「#比賽#狀況#太#激烈#的#時候,O O O O O O O O O O O O O O O O O
2327,由於#本#週#企聯#撞期#媽祖盃#賽程,O O O O O O O O O O O O O O O O O O O
2335,今年#擔任#隊長#的#洪榮發,O O O O O O O O O O O B-PERSON I-PERSON I-PERSON
2336,賽#後#喊出#本#季#目標,O O O O O O O O O O O O O
2339,許美中#以# 20# #分次#之,B-PERSON I-PERSON I-PERSON O O O O O O O O O O O O O
2343,洪榮發#表示#無論#是#在#接發#、#進攻#兩#方面#都#更加#穩定,B-PERSON I-PERSON I-PERSON O O O O O O O O O O O B-DEFENSE I-DEFENSE O O O B-ATTACK I-ATTACK O O O O O O O O O O O O O
2349,在#自身#心態#、#球技#方面#也#有所#成長,O O O O O O O O O O O O O O O O O O O O O O O
2350,談起#這#幾#年#的#轉變,O O O O O O O O O O O O O
2357,在#關鍵#時刻#挺身而出,O O O O O O O O O O O O
2359,雲林#美津濃#下#週#賽程#輪空,O O O O O O O O O O O O O O O O
2387,總結#戰績#一#勝#一#負,O O O O O O O O O O O O O
2395,是#盧清銓#首次#以#連莊#球員#身份#公開#亮相,O O B-PERSON I-PERSON I-PERSON O O O O O O O O O O O O O O O O O O O O
2397,盧清銓#不#避諱#的#表示#是#個人#因素#考量,B-PERSON I-PERSON I-PERSON O O O O O O O O O O O O O O O O O O O O O
2401,「#企業#聯賽#打#了#這麼多#年,O O O O O O O O O O O O O O O O O
2407,也#有#許多#大專#階段#相當#出色#的#球員,O O O O O O O O O O O O O O O O O O O O O O O
2411,對上# conti#、#雲林#美津#濃收#下#一#勝#一#負,O O O O O O O O O O O O O O O O O O O O O O O O O O O O O O
2426,最後#的#成績#就#盡力#去#做,O O O O O O O O O O O O O O O O
2430,盧清銓#也#相當#感謝#球迷#的#支持,B-PERSON I-PERSON I-PERSON O O O O O O O O O O O O O O O O
2431,「#謝謝#他們#繼續#支持#我,O O O O O O O O O O O O O O O
2443,「#希望#可以#趕快#融入#台電,O O O O O O O O O O O O O O O O
2445,洪宇叡#入選#沙排#培訓隊,B-PERSON I-PERSON I-PERSON O O O O O O O O O O
2447,九月#與#上#屆#福誠#高中#隊長#薛允議#搭檔#參加#亞錦賽,O O O O O O O O O O O O O O O O O O B-PERSON I-PERSON I-PERSON O O O O O O O O O O
2448,因此#正式#加入#台電#訓練#的#時間#並#不#長,O O O O O O O O O O O O O O O O O O O O O O O O O
2453,也#想#趕快#加強#自己#的#防守#與#接發球,O O O O O O O O O O O O O O O B-DEFENSE I-DEFENSE O O O B-DEFENSE I-DEFENSE I-DEFENSE
2454,洪宇叡#提到#高中#階段#主要#負責#攻擊,B-PERSON I-PERSON I-PERSON O O O O O O O O O O O O O O O O B-ATTACK I-ATTACK
2460,」#在#台電#這#個#大#家庭#中,O O O O O O O O O O O O O O O O O
2469,還#沒有#跟上#裡面#的#節奏,O O O O O O O O O O O O O O O
2473,賽程#輪空#三#週,O O O O O O O O O
2481,預計#上#半#季#將#在#場#邊#休養,O O O O O O O O O O O O O O O O O O O
2491,為#了#個人#職業#生涯#考量,O O O O O O O O O O O O O O O
2497,開刀#、#復健#的#過程#對#她#而言#並#不#陌生,O O O O O O O O O O O O O O O O O O O O O O O O O O
2508,預計#將#在# 11 #或# 12 月#再次#安排#核磁共振#檢查,O O O O O O O O O O O O O O O O O O O O O O O O O O O O O O O O O
2523,雖然#連莊隊#內#出現#多#名#傷兵,O O O O O O O O O O O O O O O O O O
2538,六日#兩#天#接連#面對#愛#山林#、#新#北中纖#兩#隊,O O O O O O O O O O O O O O O O O O O O O O O O O O O O O
2539,極速#超跑#皆#以# 3-1 #收下#勝利,O O O O O O O O O O O O O O O O O O O O O
2550,極速#超跑隊#上#來自#巴西#的#主攻#手# #Carla Santos# #四#局#奪下#全#場#最#高# 24# #分,O O O O O O O O O O O O O O O O O O O O O O O O B-PERSON I-PERSON I-PERSON I-PERSON I-PERSON I-PERSON I-PERSON I-PERSON I-PERSON I-PERSON I-PERSON I-PERSON O O O O O O O O O O O O O O O O O O O O O O O O O
2571,並#執行#教練#下達#的#指示,O O O O O O O O O O O O O O O
2573,本#週#連莊#與#桃園#臺#產#二#度#對決,O O O O O O O O O O O O O O O O O O O O O O
2575,但#連莊#依舊#戰鬥力#十足,O O O O O O O O O O O O O O
2576,得分#雙箭頭#布萊恩#、#宋柏霆#分別#繳出# 17# #分#、#16# #分,O O O O O O O B-PERSON I-PERSON I-PERSON O O O B-PERSON I-PERSON I-PERSON O O O O O O O O O O O O O O O O O O O O O O O
2579,昨日#初#登場#的#極速#超跑,O O O O O O O O O O O O O O O
2592,企業# 18 年#改披#臺北#鯨華#球衣#出戰,O O O O O O O O O O O O O O O O O O O O O O O
2594,林書荷#雖#剛#與#團隊配合#不久,B-PERSON I-PERSON I-PERSON O O O O O O O O O O O O O O
2604,披上#鯨華#球衣#完成#兩#週#企聯#例行賽,O O O O O O O O O O O O O O O O O O O O O O
2622,」#去年#臺北#鯨華#以#例行賽#、#挑戰賽#亞軍#作收,O O O O O O O O O O O O O O O O O O O O O O O O O O O O
2634,企業# 18 年#雲林#美津#濃陣#中#的#主攻#手#温逸凱,O O O O O O O O O O O O O O O O O O O O O O O O O O O B-PERSON I-PERSON I-PERSON
2639,當時#適逢#臺師大#男#排#換#血#陣痛期,O O O O O O O O O O O O O O O O O O O O O
2647,温逸凱#瀟灑#的#說,B-PERSON I-PERSON I-PERSON O O O O O O O
2672,「#希望#可以#贏#台電,O O O O O O O O O O O O
2673,」#本#週#雲林#美津濃將#在#彰化#師大#體育館#交手#臺中#太陽神#、#桃園#臺產,O O O O O O O O O O O O O O O O O O O O O O O O O O O O O O O O O O O O O O O O O O O
2685,是#極速#超跑#長攻#端#主要#的#輸出#來源,O O O O O O O O O O O O O O O O O O O O O O O
2687,成為#目前#超跑陣#中#的#得分#王,O O O O O O O O O O O O O O O O O O
2688,今年# 30# #歲#的# #Carla,O O O O O O O O O O O O O O O B-PERSON I-PERSON I-PERSON I-PERSON I-PERSON
2694,第一#站#就#選擇#加入#極速#超跑,O O O O O O O O O O O O O O O O O O
2697,舉球#員#欒妤雯#上#週末#受#訪#時#也#表示,O O O O O B-PERSON I-PERSON I-PERSON O O O O O O O O O O O O O O O O
2698,「#Carla# #的#比賽#經驗#相當#豐富,O O B-PERSON I-PERSON I-PERSON I-PERSON I-PERSON O O O O O O O O O O O O O O O O
2705,與# #Carla# #有些#年齡#差距,O O O O B-PERSON I-PERSON I-PERSON I-PERSON I-PERSON O O O O O O O O O O O
2709,但#都#會#很#努力#的#去#跟#外援#溝通,O O O O O O O O O O O O O O O O O O O O O O
2712,「#儘管#我#沒有#在#國外#打球#的#經驗,O O O O O O O O O O O O O O O O O O O O O O
2745,就#放#不#太#開,O O O O O O O O O
2754,蘇逢澤#直#呼,B-PERSON I-PERSON I-PERSON O O O O
2757,」#認為#國際賽#經驗#與#在#台灣#的#企聯#、#全運會#等#最#高#層級#比賽#有#很#大#的#不同,O O O O O O O O O O O O O O O O O O O O O O O O O O O O O O O O O O O O O O O O O O O O O O O O O O O O
2768,蘇逢澤#喊出#勝率#過半#的#目標,B-PERSON I-PERSON I-PERSON O O O O O O O O O O O O O O
2791,所以#舉#對#位置#比較#缺#人,O O O O O O O O O O O O O O O O
2796,二#度#改打#舉#對,O O O O O O O O O O
2801,來自#不同#學校#組成#的#愛山林,O O O O O O O O O O O O O O O O O
2805,我#覺得#聲音#很#重要,O O O O O O O O O O O O
2811,但#也#在#這#段#時間#更#熟悉#彼此#的#打法,O O O O O O O O O O O O O O O O O O O O O O O O O
2813,廖嘉安#自認#在#企聯場#上#會#比較#緊張,B-PERSON I-PERSON I-PERSON O O O O O O O O O O O O O O O O O O O
2853,「#每#個#舉球#員#的#習慣#都#不#一樣,O O O O O O O O O O O O O O O O O O O O O O
2876,小胖#再度#發威,B-PERSON I-PERSON O O O O O O
2882,臺中#太陽神#終場#以#25#比#18,O O O O O O O O O O O O O O O O O O O
2889,其中#包含#跟隨#小胖#從#大專#聯賽#至今#的#球迷,O O O O O O O O O B-PERSON I-PERSON O O O O O O O O O O O O O O O O
2893,他#最後#也#謝謝#球迷#連#2#週#從早到晚#的#陪伴,O O O O O O O O O O O O O O O O O O O O O O O O O O O O
2930,讓#愛#山林#小將#招架不住,O O O O O O O O O O O O O O
2933,開局#黃蔓亞#在#二號位#攻擊#順利#得手,O O O B-PERSON I-PERSON I-PERSON O O O O O O O B-ATTACK I-ATTACK O O O O O O
2934,加上#洋將#Valdez#攻守#兩#端#的#發揮#依舊#穩定,O O O O O O B-PERSON I-PERSON I-PERSON I-PERSON I-PERSON I-PERSON O O O O O O O O O O O O O O O O O O
2958,愛#山林#開局#來勢洶洶,O O O O O O O O O O O O
2964,初期#能#與#中纖#抗衡,O O O O O O O O O O O O
2968,雙方#進入#拉鋸戰,O O O O O O O O O
2978,瞬間#取得#領先#優勢,O O O O O O O O O O O
2979,愛#山林#雖#喊出#暫停#調整,O O O O O O O O O O O O O O O
2980,但#卻#無法#停止#中纖#的#火力,O O O O O O O O O O O O O O O O O
2982,後續#雖#中纖#小遇#亂流,O O O O O O O O O O O O O
3009,開季#首#勝#到手,O O O O O O O O O
3010,愛#山林#首#局#以#中山#工商#陣容#應戰,O O O O O O O O O O O O O O O O O O O O O O
3023,愛#山林#謝靖瑩#、#張稦豈#雖#積極#為#球隊#注入#分數,O O O O O B-PERSON I-PERSON I-PERSON O O O B-PERSON I-PERSON I-PERSON O O O O O O O O O O O O O O O O
3042,第二#局#極速#超跑#Maria#和#Renele#的#外援#攔網#組合#高度#給#愛#山林#極#大#的#壓力,O O O O O O O O O O O B-PERSON I-PERSON I-PERSON I-PERSON I-PERSON O O O B-PERSON I-PERSON I-PERSON I-PERSON I-PERSON I-PERSON O O O O O O B-DEFENSE I-DEFENSE O O O O O O O O O O O O O O O O O O O O O O
3055,發球#失誤#也#增加,O O O O O O O O O O
3063,雙方#五五#波#攻勢#並#纏鬥#至#deuce,O O O O O O O O O O O O O O O O O O O O O O O
3064,蕭湘凌#在#四號位#強勢#關門,B-PERSON I-PERSON I-PERSON O O O O O O O O O O O O
3066,次局,O O
3083,維持#八成二#高勝率#穩#居#后座,O O O O O O O O O O O O O O O O O
3087,」#綽號#包子妹#的#廖苡任#人氣#甚#高,O O O O O B-PERSON I-PERSON I-PERSON O O O B-PERSON I-PERSON I-PERSON O O O O O O O
3095,劉美菁#、#黃蔓亞#、#Valdez# #強攻,B-PERSON I-PERSON I-PERSON O O O B-PERSON I-PERSON I-PERSON O O O B-PERSON I-PERSON I-PERSON I-PERSON I-PERSON I-PERSON O O O B-ATTACK I-ATTACK
3106,首#局#中纖#就#以# 25-16 #輕鬆#拿下,O O O O O O O O O O O O O O O O O O O O O O O O
3110,將#比數#稍微#超前,O O O O O O O O O O
3114,將#比數#追平,O O O O O O O
3117,中纖#就#以# 25- 18 #取得#二#比#零#聽牌#優勢,O O O O O O O O O O O O O O O O O O O O O O O O O O O O O O
3118,第三#局#開局#愛#山林#吳沛緹#與#張稦豈#聯手#頻頻#攻擊#得分#取得#領先,O O O O O O O O O O O O O B-PERSON I-PERSON I-PERSON O O O B-PERSON I-PERSON I-PERSON O O O O O O O B-ATTACK I-ATTACK O O O O O O O O O
3119,隨後#雖#中國#人纖#有#稍稍#回穩,O O O O O O O O O O O O O O O O O O
3137,但#昨#在#攔網#方面#大有#斬獲#美津濃#連#拿#4#分,O O O O O O B-DEFENSE I-DEFENSE O O O O O O O O O O O O O O O O O O O O O
3141,太陽神#靠#黃金左手#吳宗軒#發球得分#兌現#局末點,O O O O O O B-PERSON I-PERSON I-PERSON I-PERSON O B-PERSON I-PERSON I-PERSON O O O O O O O O O O O O
3144,美津#濃除#團隊#攔網#外,O O O O O O O O O B-DEFENSE I-DEFENSE O O
3145,陳威舜#也#不時於#主攻#手#位置#連續#取分,B-PERSON I-PERSON I-PERSON O O O O O O O O O O O O O O O O O O O O
3155,鎖定#勝利,O O O O O
3162,進攻#端#蕭湘凌#多#次#重扣#使#對手#連續#失誤,O O O O O B-PERSON I-PERSON I-PERSON O O O O O B-ATTACK I-ATTACK O O O O O O O O O O O
3166,以#雙位數#差距#先#搶#1#局,O O O O O O O O O O O O O O O O
3168,但#極速#超跑#競爭力#明顯#高於#首#局,O O O O O O O O O O O O O O O O O O O O O
3171,依然#勝出,O O O O O
3176,外援#來自#不同#國家,O O O O O O O O O O O
3184,但#隨後#進攻#失誤#過多,O O O O O B-ATTACK I-ATTACK O O O O O O
3192,特別#是#10#比#9#領先#卻#挑戰#失敗#後,O O O O O O O O O O O O O O O O O O O O O O O O
3208,Beatriz#、#蕭湘凌#也#分別#貢獻#13#、#12#分,B-PERSON I-PERSON I-PERSON I-PERSON I-PERSON I-PERSON I-PERSON O O O B-PERSON I-PERSON I-PERSON O O O O O O O O O O O O O O O O O O
3219,首度#加入#屏東#台電#男排#的#「#電眼型男#」#劉鴻敏,O O O O O O O O O O O O O O O O O O O B-PERSON I-PERSON I-PERSON I-PERSON O O O B-PERSON I-PERSON I-PERSON
3225,14#比#10#後#鯨華#靠#吳芳妤#4號位#攻擊#連取#2#分#逼近,O O O O O O O O O O O O O O O B-PERSON I-PERSON I-PERSON O O O O O B-ATTACK I-ATTACK O O O O O O O O O O
3238,台電#暫停#後#終結#亂流,O O O O O O O O O O O O O
3242,吳芳妤#4號位#連續#得手,B-PERSON I-PERSON I-PERSON O O O O O O O O O O
3248,台電#多點開花,O O O O O O O
3254,也#曾#追#至#18#比#19,O O O O O O O O O O O O O O O
3266,連#拿#3#分,O O O O O O O
3283,讓#場#邊#的#球迷#感到#相當#的#擔憂,O O O O O O O O O O O O O O O O O O O O O
3290,仍#不敵#阿非#陳菀婷#的#重砲攻擊,O O O O O B-PERSON I-PERSON O B-PERSON I-PERSON I-PERSON O O O B-ATTACK I-ATTACK I-ATTACK I-ATTACK
3292,將#比數#拉開,O O O O O O O
3298,但#Maria# #與# #Berkeley# #的#防守雙塔#、#加上#林書荷#與# #Maria# #的#強勁#攻勢#給#愛山林#增添#不#小#的#壓力,O O B-PERSON I-PERSON I-PERSON I-PERSON I-PERSON O O O O O O O B-PERSON I-PERSON I-PERSON I-PERSON I-PERSON I-PERSON I-PERSON I-PERSON O O O O O B-DEFENSE I-DEFENSE O O O O O O O O B-PERSON I-PERSON I-PERSON O O O O O B-PERSON I-PERSON I-PERSON I-PERSON I-PERSON O O O O O O O O O O O O O O O O O O O O O O O O O O O O
3300,雖#偶#有#佳作,O O O O O O O O
3302,極速#超跑#就#以# 25-14 #拿下#第一#局,O O O O O O O O O O O O O O O O O O O O O O O O O
3318,仍#不敵#超跑#的#多點開花,O O O O O O O O O O O O O O
3322,3-0# #的#局數#擊敗#愛山林,O O O O O O O O O O O O O O O O O
3326,成企#排#十八#唯一#一#支#有#外#援助拳#的#男子#隊伍,O O O O O O O O O O O O O O O O O O O O O O O O O O O O O O
3337,「#連董#找#我#的#時候#我#有#嚇到,O O O O O O O O O O O O O O O O O O O O
3355,企業#17年#甲級#男女#排球#聯賽#上#半#季#男子組#最終#戰,O O O O O O O O O O O O O O O O O O O O O O O O O O O O O O O O O
3358,臺中#太陽神#全#隊#發出#八#顆#ace#球,O O O O O O O O O O O O O O O O O O O O O O O
3378,黃士展#又#連#三#顆#的#強力#發球,B-PERSON I-PERSON I-PERSON O O O O O O O O O O O O O O O O
3388,臺中#太陽神#終場#以#25:18,O O O O O O O O O O O O O O O O O
3390,今天#發出#18#顆#球,O O O O O O O O O O O O
3398,帶給#他#更多#的#自信心,O O O O O O O O O O O O O
3416,串連#團隊#攻防,O O O O O O O O
3435,前#4#局#新生#面對#民生#先發#投手#賴冠瑋#僅#擊出#1#安打,O O O O O O O O O O O O O O O O O O O O O B-PERSON I-PERSON I-PERSON O O O O O O O O O O
3438,新生#1#比#0#領先,O O O O O O O O O O O
3444,中原先#以#25:19#拿下#第一#局,O O O O O O O O O O O O O O O O O O O
3451,且#鄭景謙#拿下#重要#網#前#的#爭球,O O O O O O O O O O O O O O O O O O O O
3461,最終#交給#李尼希米#的#斜線重扣,O O O O O O B-PERSON I-PERSON I-PERSON I-PERSON O O O B-ATTACK I-ATTACK I-ATTACK I-ATTACK
3466,製造#清大#攔網#出界,O O O O O O B-DEFENSE I-DEFENSE O O O
3475,分擔#得分#重任,O O O O O O O O
3476,曾祥銘#在#國家隊#司職#快攻#手,B-PERSON I-PERSON I-PERSON O O O O O O O O O O O O O O
3486,曾祥銘#毫不#猶豫#說#:#「#拿#一#座#冠軍,O O O O O O O O O O O O O O O O O O O O O O O O
3493,追平#隊史#最佳#成績,O O O O O O O O O O O
3497,今天#對戰#無關#晉級,O O O O O O O O O O O
3500,滿壘#局面#先#以#野手#選擇#追平#比數,O O O O O O O O O O O O O O O O O O O O O
3506,不過#時間#到達#大會#規定#限制,O O O O O O O O O O O O O O O O O
3509,身#上#流#著#蓋亞#那#血液,O O O O O O O O O O O O O O O
3514,帶#向#國際,O O O O O O
3517,李尼希米#與#妹妹#李貝兒#都#是#在#台#出生,B-PERSON I-PERSON I-PERSON I-PERSON O O O O O O O O O O O O O O O O O O O O
3541,除了#身材#條件#外,O O O O O O O O O O
3550,溫逸凱#在#前#三#場#比賽#(#第四#場#比賽#數據#尚未#更新#)#中#總#得分#76#分,B-PERSON I-PERSON I-PERSON O O O O O O O O O O O O O O O O O O O O O O O O O O O O O O O O O O O O O O O O O O O O
3558,這#也#是#本#次#比賽#的#學習,O O O O O O O O O O O O O O O O O
3577,李尼希米#與#甘茂宏#攻擊#得手#再次#要#回領#先,B-PERSON I-PERSON I-PERSON I-PERSON O O O B-PERSON I-PERSON I-PERSON O O O O O O O O O O O O O O O O
3590,暫停#回來#臺產#李權紘#連續#在#4號位#攻擊#得手#幫助#球隊#縮小#差距,O O O O O O O O O B-PERSON I-PERSON I-PERSON O O O O O O O O O O B-ATTACK I-ATTACK O O O O O O O O O O O O O O O
3595,桃園#臺產#扳平#戰局,O O O O O O O O O O O
3601,此時,O O
3604,暫停#回來,O O O O O
3605,臺#產#展現#韌性,O O O O O O O O O
3612,美津#濃#立刻#回應,O O O O O O O O O O
3619,未料#美津濃#發生#連續#失誤#供手#將#領先#送給#臺產,O O O O O O O O O O O O O O O O O O O O O O O O O O O O O
3620,美津濃#雖#暫停,O O O O O O O O
3623,拿下#比賽#勝利,O O O O O O O O
3626,由#地主#桃園#臺產#隼鷹#迎戰#雲林#美津#濃#揭開#序幕,O O O O O O O O O O O O O O O O O O O O O O O O O O O O O O
3633,首#局#62%#的#攻擊#率#一路#領先,O O O O O O O O O O B-ATTACK I-ATTACK O O O O O O O O
3639,雲林#美津濃#洪榮發#單人攔網#帶動#球隊#氣勢,O O O O O O O B-PERSON I-PERSON I-PERSON O O O B-DEFENSE I-DEFENSE O O O O O O O O O
3640,局#末#則#由#新秀#温逸凱#助隊#率先#聽#牌,O O O O O O O O O O O B-PERSON I-PERSON I-PERSON O O O O O O O O O O
3661,市府#積極#與#台中市#體育#總會#空手道#委員會#合作#推廣#空手道#運動,O O O O O O O O O O O O O O O O O O O O O O O O O O O O O O O O O O O O O O
3664,由#林謙#彣#勇奪#銀牌,O O O O O O O O O O O O
3668,TVL#企業#17年#甲級#排球#聯賽#今#(19)#日#於#臺灣#體育#運動#大學#體育館#進行#季#後#挑戰賽女#、#男#第2#戰,O O O O O O O O O O O O O O O O O O O O O O O O O O O O O O O O O O O O O O O O O O O O O O O O O O O O O O O O O O O O O O O O O O O
3689,24#比#21#取得#賽點#後,O O O O O O O O O O O O O O O
3698,而#108學年#曾#奪下#隊史#最佳#紀錄#亞軍#的#屏榮#高中,O O O O O O O O O O O O O O O O O O O O O O O O O O O O O O O O
3700,已#沈寂#兩#年#未#再#踏進#十二#強#領域,O O O O O O O O O O O O O O O O O O O O O O O
3704,10/29# #季#後#挑戰賽#G1 #味全# VS #中信# #賽#前,O O O O O O O O O O O O O O O O O O O O O O O O O O O O O O O O O O O O
3715,第三#局#中國#人纖#數#度#超前,O O O O O O O O O O O O O O O O O
3731,但#靠著# #Valdez# #網#前#積極#的#處理球#和#後段#舉球#員#陳巧聆#與#攻擊#手#的#流暢#搭配,O O O O O O O B-PERSON I-PERSON I-PERSON I-PERSON I-PERSON I-PERSON O O O O O O O O O O O O O O O O O O O O O O O O O O B-PERSON I-PERSON I-PERSON O O O O O O O O O O O O O O O
3741,」#(#編輯#:#張芷瑄#)#111101,O O O O O O O O O O O O O O O O O O O O O
3743,他#對#C羅#(#Cristiano #Ronaldo#)#的#行為#不以為然,O O O O O O O O O O O O O O O O O O O O O O O O O O O O O O O O O O O O O O O
3744,因為#這#位#前鋒#在#世界盃#小組賽#最後#一#場#比賽#被#替換#下場#時,O O O O O O O O O O O O O O O O O O O O O O O O O O O O O O O O O O O O O O O
3751,(#編輯#:#張芷瑄#)#111110,O O O O O O O O O O O O O O O O O O O
3759,反#讓#對手#拉出#一#波#8#比#1#攻勢#打壞#行情,O O O O O O O O O O O O O O O O O O O O O O O O O O O O
3763,(#編輯#:#張芷瑄#)#111102,O O O O O O O O O O O O O O O O O O O
3771,在#舞臺區#除了#有#簽名會,O O O O O O O O O O O O O O
3806,第3#局#愛#山林#試圖#反撲,O O O O O O O O O O O O O O O
3825,導致#左#腳踝#翻船#扭傷,O O O O O O O O O O O O O
3827,晚上#的#比賽#應該#很#難#上場,O O O O O O O O O O O O O O O O O
3830,不料#第3#局#莊邵捷#不慎#在#落地#時#踩到#隊友#的#腳,O O O O O O O O B-PERSON I-PERSON I-PERSON O O O O O O O O O O O O O O O O O O O O
3831,左腳#翻船,O O O O O
3834,賽#後#台電#教練#李世家#評估,O O O O O O O O O O O O O O O O
3875,回憶起#和#林家正#相處#的#時光,O O O O O O O O O O O O O O O O O
3877,還#記得#他#都#會#被#叫#去#跟#班長#傳#接球,O O O O O O O O O O O O O O O O O O O O O O O O O O
3881,像是#陳建禎#、#「#電眼雙胞胎#」#劉鴻敏#、#劉鴻杰#都#獲#邀#過,O O O O O O O O O O O B-PERSON I-PERSON I-PERSON I-PERSON I-PERSON O O O B-PERSON I-PERSON I-PERSON O O O B-PERSON I-PERSON I-PERSON O O O O O O O O
3884,還#創下#只要#進場#兄弟#就#能#贏#球#的#100%#勝率,O O O O O O O O O O O O O O O O O O O O O O O O O O O O O O O
3888,完成#年度#季賽#總冠軍#九#連霸,O O O O O O O O O O O O O O O O O
3895,陣#中#擁有#曾琬羚#、#李淯#和#郭覲儀,O O O O O O O B-PERSON I-PERSON I-PERSON O O O B-PERSON I-PERSON O O O B-PERSON I-PERSON I-PERSON
3898,毫無#退路#的#台師大,O O O O O O O O O O O
3912,但#高雄#台電#許菀芸#在#4號位#強攻#滅火,O O O O O O O O B-PERSON I-PERSON I-PERSON O O O O O O O O O O O O
3926,但#在#學姊#的#鼓勵#下#越#打#越#有#信心,O O O O O O O O O O O O O O O O O O O O O O O O
3931,主攻#手#鄭伊伶#多#次#在#前#排#得手,O O O O O B-PERSON I-PERSON I-PERSON O O O O O O O O O O O O O
3934,將#比數#緊#咬,O O O O O O O O
3936,極速#超跑#Maria#、#「#阿非#」#陳菀婷#與#陳怡如#延續#進攻#氣勢,O O O O O O B-PERSON I-PERSON I-PERSON I-PERSON I-PERSON O O O O O B-PERSON I-PERSON O O O B-PERSON I-PERSON I-PERSON O O O B-PERSON I-PERSON I-PERSON O O O O O O O O O
3937,多#次#網前防守#有效#限制住#愛山林#的#進攻,O O O O B-DEFENSE I-DEFENSE I-DEFENSE I-DEFENSE O O O O O O O O O O O O O O B-ATTACK I-ATTACK
3939,最後#以#25#比#19#收下#首#局,O O O O O O O O O O O O O O O O O O O
3947,愛#山林#胡宸穎#與#超跑#Berkeley#快攻#較勁#讓#比賽#一度#膠著,O O O O O B-PERSON I-PERSON I-PERSON O O O O O O B-PERSON I-PERSON I-PERSON I-PERSON I-PERSON I-PERSON I-PERSON I-PERSON O O O O O O O O O O O O O O O O O
3953,不過#超跑#隨即#穩住#陣腳,O O O O O O O O O O O O O O
3964,排球#女神#陳怡如#畢業#於#台#師大#碩士班,O O O O O O B-PERSON I-PERSON I-PERSON O O O O O O O O O O O O O O
3981,她#已經#落地#了#而#隊友#仍#在#空中#貼#著#網#前,O O O O O O O O O O O O O O O O O O O O O O O O O O O O O
3982,而#排球#的#位置#剛好#在#她#俏#臉蛋#的#斜#上方,O O O O O O O O O O O O O O O O O O O O O O O O O O O O
3991,陳怡如#半#自嘲#半#認真#地#說#:#「#因為#我#打球#的#照片,B-PERSON I-PERSON I-PERSON O O O O O O O O O O O O O O O O O O O O O O O O O O O O O O O
3995,只#能#說#太#美#了,O O O O O O O O O O O
4007,還#能#跳#一#個#手掌#高,O O O O O O O O O O O O O O
4008,一定#是#大拇指#(#給#讚#)#」,O O O O O O O O O O O O O O O O O O
4025,蔡沛彰#多#次#的#神#助攻#讓#球隊#穩穩#拿分,B-PERSON I-PERSON I-PERSON O O O O O O O O O O O O O O O O O O O O O O
4029,次局,O O
4048,但#台電#立刻#回穩,O O O O O O O O O O
4056,雖然#中纖#Valdez#、#Peonia#與#劉美菁#試圖#回擊,O O O O O O B-PERSON I-PERSON I-PERSON I-PERSON I-PERSON I-PERSON O O O B-PERSON I-PERSON I-PERSON I-PERSON I-PERSON I-PERSON O O O B-PERSON I-PERSON I-PERSON O O O O O O
4058,最終#台電#就#以#25#比#14#、#23#比#25#、#25#比#22#與#26#比#24#拿下#4#連勝,O O O O O O O O O O O O O O O O O O O O O O O O O O O O O O O O O O O O O O O O O O O O O O O O O O O O O O O
4080,一來一往#的#攻擊#讓#現場#球迷#看#的#大呼#過癮,O O O O O O O O O O O O O O O O O O O O O O O O O O O
4085,但#陳姿雅#與#曾琬羚#立刻#追平#戰局,O O B-PERSON I-PERSON I-PERSON O O O B-PERSON I-PERSON I-PERSON O O O O O O O O O
4097,最終#拿下#第4#局,O O O O O O O O O O
4106,將#比數#拉開,O O O O O O O
4108,中止#2#連敗#迎接#季後賽,O O O O O O O O O O O O O O
4109,首#局#由#超跑#先馳得點,O O O O O O O O O O O O O
4113,不過#愛#山林#鄭伊伶#、#洪詩涵#、#吳沛緹#等#人#不懈#持續#努力#突破#防守,O O O O O O O O B-PERSON I-PERSON I-PERSON O O O B-PERSON I-PERSON I-PERSON O O O B-PERSON I-PERSON I-PERSON O O O O O O O O O O O O O O O O O B-DEFENSE I-DEFENSE
4114,雖#偶#有#佳作,O O O O O O O O
4116,極速#超跑#就#以#25#比#14#拿下#第1#局,O O O O O O O O O O O O O O O O O O O O O O O O O
4123,讓#愛#山林#一度#領先,O O O O O O O O O O O O
4138,防守#十分#到位,B-DEFENSE I-DEFENSE O O O O O O
4157,超跑#連#得#5#分#後,O O O O O O O O O O O O
4160,使#愛#山林#頻頻#失誤,O O O O O O O O O O O O
4182,開幕日#最終戰#由#桃園#台灣#產險#出戰# conti,O O O O O O O O O O O O O O O O O O O O O O O O O O O O
4183,本#場#比賽#桃園#台產#發揮#高度#優勢,O O O O O O O O O O O O O O O O O O O O O
4184,曾祥銘#與#陳政錡#兩#人#多#次#在#網#前#逞兇,B-PERSON I-PERSON I-PERSON O O O B-PERSON I-PERSON I-PERSON O O O O O O O O O O O O O O O O O
4186,防守#上#則#有效#壓制#住# conti #的#攻擊,O O O O O O O O O O O O O O O O O O O O O O O O O O O
4201,加上#陳政錡#的#快攻#得手,O O O O O O O O O B-ATTACK I-ATTACK O O O
4210,一度#取得#小幅#領先,O O O O O O O O O O O
4219,以#直落#三#搶下#賽季#首#勝,O O O O O O O O O O O O O O O O
4226,最終#仍#不敵#台電#厚實#的#板凳#深度,O O O O O O O O O O O O O O O O O O O O O
4229,開局#台電#在#蔡沛彰#一#攻#一#守#的#帶領#下#首開#紀錄,O O O O O O O O B-PERSON I-PERSON I-PERSON O O O O O O O O O O O O O O O O O O O O O
4232,避免#分數#被#拉開,O O O O O O O O O O
4235,台電#輕鬆#拿下#首#局,O O O O O O O O O O O O
4253,但#林聖恩#與#周子揚#的#攻擊#將#差距#縮小#到#三分,O O B-PERSON I-PERSON I-PERSON O O O B-PERSON I-PERSON I-PERSON O O O O O O O O O O O O O O O O O O
4258,企排#18年#開幕周#的#壓軸賽#由#女子組#高雄#台電#迎戰#台北#鯨華,O O O O O O O O O O O O O O O O O O O O O O O O O O O O O O O O O O O O O
4263,終場#賞給#衛冕軍#高雄#台電#一#個#大#鴨蛋,O O O O O O O O O O O O O O O O O O O O O O O O
4267,台北#鯨華#則#靠#著#甘可慧#在#三號位#的#重扣#要#到#分數,O O O O O O O O O O O O B-PERSON I-PERSON I-PERSON O O O O O O O O O O O O O O O O O O
4270,幫助#台電#取得#領先,O O O O O O O O O O O
4271,鯨華#立刻#暫停#調整#節奏,O O O O O O O O O O O O O O
4272,暫停#過後,O O O O O
4297,連莊#攻擊#有#布萊恩#與#劉鴻敏#的#攻擊,O O O B-ATTACK I-ATTACK O O O B-PERSON I-PERSON I-PERSON O O O B-PERSON I-PERSON I-PERSON O O O B-ATTACK I-ATTACK
4300,但#連#莊穩#扎穩#打,O O O O O O O O O O O
4303,首#局#由#連莊#布萊恩#後排攻擊#得分#揭開#序幕,O O O O O O O O O B-PERSON I-PERSON I-PERSON O B-ATTACK I-ATTACK I-ATTACK I-ATTACK O O O O O O O O O
4336,辛苦#收下#新#賽季#首#勝,O O O O O O O O O O O O O O
4337,兩#隊#開局#你#來我往,O O O O O O O O O O O O
4345,雙方#戰成# 14#比#14#平手,O O O O O O O O O O O O O O O O O
4353,幫助#球隊#再次#取得#領先,O O O O O O O O O O O O O O
4357,進入#第三#局#戰局#依舊#膠著,O O O O O O O O O O O O O O O O
4358,前#半#段#打完#雙方#12#比#12#平手,O O O O O O O O O O O O O O O O O O O O O O
4360,強力重扣#對上#變化多端#的#攻擊#模式#讓#現場#觀眾#大飽眼福,B-ATTACK I-ATTACK I-ATTACK I-ATTACK O O O O O O O O O O O B-ATTACK I-ATTACK O O O O O O O O O O O O O O O O
4362,最後#在#連莊#劉鴻敏#的#攻擊#出界#後,O O O O O O O O B-PERSON I-PERSON I-PERSON O O O B-ATTACK I-ATTACK O O O O O
4373,在#二號位#發出#攻擊,O O O O O O O O O B-ATTACK I-ATTACK
4395,第三#局#連莊#已#火力#全#開,O O O O O O O O O O O O O O O O
4404,本#場#比賽#由#極速#超跑#先馳得點,O O O O O O O O O O O O O O O O O O O
4418,愛#山林#急#喊#暫停#卻#無力#挽救,O O O O O O O O O O O O O O O O O O O
4422,遭遇#亂流#的#愛#山林#遲遲#攻#不#破#極速#超跑#堅固#的#銅牆鐵壁,O O O O O O O O O O O O O O O O O O O O O O O O O O O O O O O O O O O O O
4430,第四#局#前#半#段#雙方#你來我往#互#不#相#讓,O O O O O O O O O O O O O O O O O O O O O O O O O O
4431,極速#超跑#使出#渾身解術#保持#領先#優勢,O O O O O O O O O O O O O O O O O O O O O O
4441,連線#劉鴻杰#、#簡名均,O O O B-PERSON I-PERSON I-PERSON O O O B-PERSON I-PERSON I-PERSON
4452,兩#隊#接連#頻繁#調度#人手,O O O O O O O O O O O O O O O
4453,最終#連莊#的#陳冠銘#關鍵#的#斜線攻擊,O O O O O O O O B-PERSON I-PERSON I-PERSON O O O O O O B-ATTACK I-ATTACK I-ATTACK I-ATTACK
4456,第三#局#桃園#台產#誓死#捍衛#防線,O O O O O O O O O O O O O O O O O O O
4487,超跑#急起直追#一度#將#差距#縮小#至#3#分,O O O O O O O O O O O O O O O O O O O O O O O O
4514,鯨華#靠#著# #Bia# #以及#超跑#的#失誤#取得#三#分#領先,O O O O O O O O O O O O O O O O O O O O O O O O O O O O O O O O O O O
4559,高雄#台電#李諭#、#彭𦀡媃、#陳姿雅三#人#接棒#強烈#的#攻擊,O O O O O O B-PERSON I-PERSON O O O B-PERSON I-PERSON I-PERSON I-PERSON O O B-PERSON I-PERSON I-PERSON O O O O O O O O O O O O B-ATTACK
4576,使#隊伍#保持#領先#優勢,O O O O O O O O O O O O O
4581,但#關鍵#時刻#台電#黃芯瑜快攻#將#比分#追回,O O O O O O O O O O O O B-ATTACK I-ATTACK I-ATTACK O O O O O O O O O
4593,隊友#Carla也#跳出來#狂轟#砲火,O O O O B-PERSON I-PERSON I-PERSON I-PERSON I-PERSON O O O O O O O O O O
4594,逼迫#高雄#台電#不得不#喊#暫停,O O O O O O O O O O O O O O O O O
4597,雙人攔網#擋下#壓力,O O O O O O O O O O
4603,由#地主#雲林#美津濃#再次#出戰#連莊,O O O O O O O O O O O O O O O O O O O O
4612,雙方#進入#拉鋸,O O O O O O O O
4615,連續#得分#幫助#球隊#取得#小幅#領先,O O O O O O O O O O O O O O O O O O O O
4631,以#相同#比數#拿下#第二#局,O O O O O O O O O O O O O O O
4644,首#局#由#連莊#劉鴻杰#先馳得點,O O O O O O O O O B-PERSON I-PERSON I-PERSON O O O O O
4655,幫助#連莊#趁勢#反#超#三#分,O O O O O O O O O O O O O O O O
4656,加上#連莊#陳冠銘#以#漂亮#的#時間差#攻擊#壓制#住#對手,O O O O O O B-PERSON I-PERSON I-PERSON O O O O O O O O O O O O O O O O O O O O O O
4660,全#場#看#的#熱血#沸騰,O O O O O O O O O O O O O
4661,未料#連莊#接連#發生#兩#次#失誤,O O O O O O O O O O O O O O O O O O
4669,以#25#比#19#將#戰線#延長至#第五#局,O O O O O O O O O O O O O O O O O O O O O O O
4685,次局,O O
4688,一下子#將#比#分差#拉開#至#10#分#大#差距,O O O O O O O O O O O O O O O O O O O O O O O O O
4703,後來#conti#雷諾#的#攻擊#失誤#讓#雲林#美津濃#拿下#關鍵#的#一#分#領先,O O O O O O O O O B-PERSON I-PERSON O O O B-ATTACK I-ATTACK O O O O O O O O O O O O O O O O O O O O O O O O O O O
4708,極速#超跑#蔡幼群#也#不甘示弱#以#一#記#斜線進攻#還#以#顏色,O O O O O O B-PERSON I-PERSON I-PERSON O O O O O O O O O O O O O O B-ATTACK I-ATTACK I-ATTACK I-ATTACK O O O O O O O
4714,超跑#Santos暴力重扣幫助#超跑#反#超#兩#分,O O O O B-PERSON I-PERSON I-PERSON I-PERSON I-PERSON I-PERSON B-ATTACK I-ATTACK I-ATTACK I-ATTACK O O O O O O O O O O O O
4716,次局#超跑#不僅#進攻#兇猛,O O O O O O O O O B-ATTACK I-ATTACK O O O
4718,陳怡如#及#蔡幼群#的#防守#幫助#超跑#拉出#一#波#8#比#0#的#攻勢,B-PERSON I-PERSON I-PERSON O O O B-PERSON I-PERSON I-PERSON O O O O O O O O O O O O O O O O O O O O O O O O O O O O O
4738,台產#林錦龍#頻頻#靠#著#小吊球#得分,O O O B-PERSON I-PERSON I-PERSON O O O O O O O O B-ATTACK I-ATTACK I-ATTACK O O O
4740,conti#周冠宇#及#雷諾#即時#站出來#止血,O O O O O O B-PERSON I-PERSON I-PERSON O O O B-PERSON I-PERSON O O O O O O O O O O
4763,中間#conti#周冠宇#連#四#記#發球得分,O O O O O O O O O B-PERSON I-PERSON I-PERSON O O O O O O O O O O O
4772,最後#時刻#conti#周冠宇#進攻#得分,O O O O O O O O O O O O B-PERSON I-PERSON I-PERSON O O O O O O
4774,第四#局#conti#經過#上局#激戰#後,O O O O O O O O O O O O O O O O O O O O O
4784,然而#conti#攻防#更勝一籌,O O O O O O O O O O O O O O O O
4785,最終#conti#以#25#比#21#進入#關鍵#第五#局,O O O O O O O O O O O O O O O O O O O O O O O O O O O O O
4787,劉昱麟#以#一#記#重扣#開啟#本#局,B-PERSON I-PERSON I-PERSON O O O O O O O B-ATTACK I-ATTACK O O O O O O O
4798,27日#兩#隊#再度#碰頭,O O O O O O O O O O O O O
4803,就#拱手#讓給#台北#鯨華,O O O O O O O O O O O O O
4812,隨後#極速#超跑#全#隊#開始#踩緊#油門,O O O O O O O O O O O O O O O O O O O O O
4818,高雄#台電#拿下#本#局#勝利,O O O O O O O O O O O O O O O
4819,次局#一#開局#又#是#由#高雄#台電#黃瀞萱#的#斜線進攻#開始#電力#供應,O O O O O O O O O O O O O O O O O O O O B-PERSON I-PERSON I-PERSON O O O B-ATTACK I-ATTACK I-ATTACK I-ATTACK O O O O O O O O O
4833,頻頻#重扣#正面#進攻,O O O B-ATTACK I-ATTACK O O O O B-ATTACK I-ATTACK
4844,第四#局#雙方#緊咬#比#分,O O O O O O O O O O O O O O
4851,首#局#極速#超跑#Carla#先#以#一#記#長功,O O O O O O O O O O B-PERSON I-PERSON I-PERSON I-PERSON I-PERSON O O O O O O O O O O O
4854,保有#4#分#領先#優勢,O O O O O O O O O O O O
4859,極速#超跑#蔡幼群#及#葉軒岑#突然#殺出,O O O O O O B-PERSON I-PERSON I-PERSON O O O B-PERSON I-PERSON I-PERSON O O O O O O
4868,利用#壓球#幫助#隊伍#取分,O O O O O O O O O O O O O O
4876,不斷#朝#對方#狂轟#砲火,O O O O O O O O O O O O O
4877,兩#隊#進入#激烈#拉鋸戰,O O O O O O O O O O O O O
4886,讓#鯨華#取得#4#分#領先,O O O O O O O O O O O O O O
4900,最終#鯨華#以#15#比#10#辛苦#拿下#本#場#比賽#勝利,O O O O O O O O O O O O O O O O O O O O O O O O O O O O O O O
4902,由#上場#擔任#替補#的#王俊傑#擔任#先發,O O O O O O O O O O O O O B-PERSON I-PERSON I-PERSON O O O O O O
4915,雙方#比數#緊咬#不#放,O O O O O O O O O O O O
4920,對手#conti#的#雷諾#和#周冠宇#延續#上局#的#火熱#手感,O O O O O O O O O O O B-PERSON I-PERSON O O O B-PERSON I-PERSON I-PERSON O O O O O O O O O O O O O O
4921,不斷#的#得分#造成#對手#壓力,O O O O O O O O O O O O O O O O
4928,conti#雷諾#不#願#再#放走#大好#優勢,O O O O O O B-PERSON I-PERSON O O O O O O O O O O O O O O O
4938,賽#中#「#發哥#」#更#及時#甦醒,O O O O O O O O O O O O O O O O O O
4940,此時#conti#全#隊#眼#中#只有#獲勝,O O O O O O O O O O O O O O O O O O O O O O
4944,首#局#台電#陳姿雅#率先#打出#氣勢,O O O O O O O B-PERSON I-PERSON I-PERSON O O O O O O O O O
4946,中纖#黃蔓亞#也#回敬#一#顆#強勢#的#直線進攻#還#以#顏色,O O O B-PERSON I-PERSON I-PERSON O O O O O O O O O O O O O O O B-ATTACK I-ATTACK I-ATTACK I-ATTACK O O O O O O O
4956,影響到#台電#的#接發#節奏,O O O O O O O O O O O O O O
4982,加上#台電#前#排#築起#銅牆鐵壁,O O O O O O O O O O O O O O O O O
4987,助隊#取得#領先,O O O O O O O O
4990,再#搭配#邱雅慧#的#進攻#威脅,O O O O O B-PERSON I-PERSON I-PERSON O O O O O O O O
4993,幫助#中纖#成功#挺#過#台電#的#強力#反撲,O O O O O O O O O O O O O O O O O O O O O O O
4995,首#局#開局#地主#球隊#台電#的#許紋誠,O O O O O O O O O O O O O O O O O O B-PERSON I-PERSON I-PERSON
5007,美津濃#林裕鈞#、#洪榮發#也#跳出來#進攻#得分,O O O O B-PERSON I-PERSON I-PERSON O O O B-PERSON I-PERSON I-PERSON O O O O O O O O O O O O
5009,美津濃#温逸凱#連續#兩#次#發球得分#想要#敲開#破口,O O O O B-PERSON I-PERSON I-PERSON O O O O O O O O O O O O O O O O O O O O O
5015,最後#台電#再#拿下#一#局,O O O O O O O O O O O O O O
5039,連莊#喊出#暫停#調整,O O O O O O O O O O O
5045,台電#靠#著#這#股#氣勢#拿下#首#局,O O O O O O O O O O O O O O O O O O O O
5049,此時#連莊#布萊恩#扮演#救世主,O O O O O O B-PERSON I-PERSON I-PERSON O O O O O O O
5055,兩#隊#鏖戰#至# Deuce,O O O O O O O O O O O O O O O
5060,但#台電#蔡沛彰#與#黃正良#接連#攻勢#追平#戰局,O O O O O B-PERSON I-PERSON I-PERSON O O O B-PERSON I-PERSON I-PERSON O O O O O O O O O O O O
5064,連莊#再次#喊出#暫停,O O O O O O O O O O O
5066,連莊#劉鴻杰#一#人#扛#起#球隊#重任,O O O B-PERSON I-PERSON I-PERSON O O O O O O O O O O O O O O
5071,第四#局#台電#展現#銅牆鐵壁#般#的#防守,O O O O O O O O O O O O O O O O O O O O B-DEFENSE I-DEFENSE
5072,開局#多#次#讓#連莊#找#不#到#攻擊#重心,O O O O O O O O O O O O O O O O O O B-ATTACK I-ATTACK O O O
5074,但#連莊#立刻#回穩,O O O O O O O O O O
5084,最終#台電#拿下#本#場#勝利,O O O O O O O O O O O O O O O
5091,除#摘#5#連勝,O O O O O O O O
5098,將#戰局#扳成#12#比#12#平手,O O O O O O O O O O O O O O O O O O
5106,把握#成功#救球#後#的#攻擊#機會#奪下#首#局,O O O O O O O O O O O O O B-ATTACK I-ATTACK O O O O O O O O O O
5107,進入#第二#局,O O O O O O O
5112,此時#台電#加強#前#排#的#防守,O O O O O O O O O O O O O O O B-DEFENSE I-DEFENSE
5115,兩#隊#開始#進入#拉鋸,O O O O O O O O O O O O
5128,加上#Gabi#、#林書荷#的#「#補刀#」,O O O B-PERSON I-PERSON I-PERSON I-PERSON O O O B-PERSON I-PERSON I-PERSON O O O O O O O O O
5129,鯨華#取得#5#分#領先,O O O O O O O O O O O O
5131,暫停#回來#台電#仍#找#不#到#進攻#點,O O O O O O O O O O O O O O O O O O O O O
5136,最終#靠#著#林書荷#在#四號位#的#攻擊#得手,O O O O O O O B-PERSON I-PERSON I-PERSON O O O O O O O O O O O O O O
5162,攔網#攻擊#皆#能#有效#得手,B-DEFENSE I-DEFENSE O B-ATTACK I-ATTACK O O O O O O O O O O
5167,隨後#極速#超跑#連續#成功#抵擋#愛山林#的#攻勢,O O O O O O O O O O O O O O O O O O O O O O O O O O
5174,教練#也#喊出#暫停#調整,O O O O O O O O O O O O O
5177,靠#著#胡宸穎#與#洪詩涵#的#攻擊#追平#比數,O O O O B-PERSON I-PERSON I-PERSON O O O B-PERSON I-PERSON I-PERSON O O O B-ATTACK I-ATTACK O O O O O O
5186,終場#極速#超跑#就#以#25#比#14#拿下#比賽#勝利,O O O O O O O O O O O O O O O O O O O O O O O O O O O O O
5187,企業#17年#甲級#男女#排球#聯賽#12日#最後#一#場#比賽#由#女子組#中國#人纖#對上#愛#山林,O O O O O O O O O O O O O O O O O O O O O O O O O O O O O O O O O O O O O O O O O O O O O O O O O O O O
5202,暫停#回來#雙方#拉鋸#進入#deuce,O O O O O O O O O O O O O O O O O O O O
5204,最終#以#28#比#26#收下,O O O O O O O O O O O O O O O
5205,次#局#雙方#依舊#互有#領先,O O O O O O O O O O O O O O O
5207,同時#調整#攻擊#節奏,O O O O O O O O O O O
5209,愛#山林#雖#喊出#暫停#調整,O O O O O O O O O O O O O O O
5220,戰局#再次#進入#膠著,O O O O O O O O O O O
5225,但#Valdez#此時#再次#發揮#強大#影響力,O O B-PERSON I-PERSON I-PERSON I-PERSON I-PERSON I-PERSON O O O O O O O O O O O O O O O O
5231,暫停#回來,O O O O O
5236,率先#搶下#第一#局,O O O O O O O O O O
5237,可惜#接下來#新#北中纖#靠#著#劉美菁#和#Zsanett#聯手#連#下#3#局,O O O O O O O O O O O O O O O O O B-PERSON I-PERSON I-PERSON O O O B-PERSON I-PERSON I-PERSON I-PERSON I-PERSON I-PERSON I-PERSON O B-COOPERATION I-COOPERATION O O O O O O O O
5246,最後#愛#山林#靠#著#吳佩茹#的#四號位#攻擊#得手#以#30#-28#拿下#第一#局,O O O O O O O O O O O O B-PERSON I-PERSON I-PERSON O O O O O O O B-ATTACK I-ATTACK O O O O O O O O O O O O O O O O O O O O
5249,新#北中纖#迅速#取得#六#分#領先,O O O O O O O O O O O O O O O O O O
5266,新#北中纖#很#快#取得#六#分#領先,O O O O O O O O O O O O O O O O O O O
5267,加上#後續# #Zsanett# #與#黃蔓亞#的#攻勢#成功#拉開#差距,O O O O O O O O B-PERSON I-PERSON I-PERSON I-PERSON I-PERSON I-PERSON I-PERSON O O O O O B-PERSON I-PERSON I-PERSON O O O B-ATTACK I-ATTACK O O O O O O O O O
5279,加上#Sara#的#大砲#強攻,O O O B-PERSON I-PERSON I-PERSON I-PERSON O O O O O O B-ATTACK I-ATTACK
5282,第四#局#極速#超跑#與#新#北中纖#上演#精彩#的#拉鋸戰,O O O O O O O O O O O O O O O O O O O O O O O O O O O O O O
5293,但#鯨華#加強#防守,O O O O O O O O B-DEFENSE I-DEFENSE
5294,用#鋼鐵#般#的#攔網#讓#新#北中纖#吃足#苦頭,O O O O O O O O O O O O O O O O O O O O O O O O O
5308,靠#著# #Zsanett# #多#次#在#四號#的#攻擊#得手#一度#取得#七#分#領先,O O O O O O B-PERSON I-PERSON I-PERSON I-PERSON I-PERSON I-PERSON I-PERSON O O O O O O O O O O O O O O B-ATTACK I-ATTACK O O O O O O O O O O O O O O O O
5315,次#局#雙方#依舊#糾纏,O O O O O O O O O O O O
5318,新#北中纖#喊出#暫停#止血,O O O O O O O O O O O O O O
5320,鯨華#多#次#在#前#排#雙人攔網#得手,O O O O O O O O O O O O O B-DEFENSE I-DEFENSE I-DEFENSE I-DEFENSE O O O
5325,進入#第三#局,O O O O O O O
5343,新#北中纖#趕緊#喊出#暫停,O O O O O O O O O O O O O O
5370,讓#台電#遲遲#無法#反超#比#分,O O O O O O O O O O O O O O O O O
5379,戰#至#26#比#26#平手,O O O O O O O O O O O O O O
5391,靠#著#童琦芳#的#兩#次#發球得分#及#邱雅慧#的#精彩#攔網#將#分差#扳#至#1#分#差,O O O O B-PERSON I-PERSON I-PERSON O O O O O O O O O O O O O O B-PERSON I-PERSON I-PERSON O O O O O O B-DEFENSE I-DEFENSE O O O O O O O O O O O O O O O
5392,台電#李諭#及時#跳出#助隊#止血,O O O B-PERSON I-PERSON O O O O O O O O O O O O
5403,市府#體育局#指出,O O O O O O O O O
5427,首#戰#由#男子組#屏東#台電#出戰# conti,O O O O O O O O O O O O O O O O O O O O O O O O O
5442,開局#取得#些微#領先,O O O O O O O O O O O
5458,加上#蔡沛彰#與#林宜暉#前排的攻擊#維持#領先,O O O B-PERSON I-PERSON I-PERSON O O O B-PERSON I-PERSON I-PERSON O O O O O O O O O O O O
5462,台電#曾茂聰#在#二號位#的#攻擊#得手#再次#幫助#球隊#擴大#領先,O O O B-PERSON I-PERSON I-PERSON O O O O O O O O O B-ATTACK I-ATTACK O O O O O O O O O O O O O O O O O O
5477,終場#屏東#台電#以#三#局#強勢#奪下#本#場#勝利,O O O O O O O O O O O O O O O O O O O O O O O O O O O
5479,返台#後#心態#上#成長#很多,O O O O O O O O O O O O O O O
5495,雙方#進入#拉鋸戰,O O O O O O O O O
5502,搶下#第一#局,O O O O O O O
5506,加上#洪熙鈞#本#局#大#暴走,O O O B-PERSON I-PERSON I-PERSON O O O O O O O O O
5507,在#攻守#兩#端#都#有#貢獻#的#情況#下#替#球隊#建立起#領先#優勢,O O O O O O O O O O O O O O O O O O O O O O O O O O O O O O O O O O O O O
5520,並#靠#著#這#股#氣勢#以# 25-21 #收下#第三#局,O O O O O O O O O O O O O O O O O O O O O O O O O O O O O O
5523,但#美津#濃#溫逸凱#的#扣殺#將#比數#緊#咬,O O O O O O O B-PERSON I-PERSON I-PERSON O O O B-ATTACK I-ATTACK O O O O O O O O O
5526,此時,O O
5542,靠#著#洪榮發#與#張祐晨#相互#在#前#排#穩定#輸出,O O O O B-PERSON I-PERSON I-PERSON O O O B-PERSON I-PERSON I-PERSON O O O O O O O O O O O O O O O
5554,但#不敵#雲林#美津#濃火#燙#的#手感,O O O O O O O O O O O O O O O O O O O O
5559,將#比數#拉開,O O O O O O O
5565,美津濃#延續#這#股#氣勢,O O O O O O O O O O O O O
5570,今#(5)#日#首#場#女子組#賽程,O O O O O O O O O O O O O O O O O O
5573,但#身為#學姊#的#高雄#台電#許菀芸#在#4號位#強攻#滅火,O O O O O O O O O O O O O O O O B-PERSON I-PERSON I-PERSON O O O O O O O B-ATTACK I-ATTACK O O O
5591,在#舞臺區#除了#有#簽名會,O O O O O O O O O O O O O O
5595,今年#高雄#台電#女排陣#中#也#迎來#換#血#蛻變#的#成長期,O O O O O O O O O O O O O O O O O O O O O O O O O O O O O O O O
5601,今年#不僅#陣#中#補進#劉鴻敏#、#劉鴻杰#、#宋柏霆#等#國手,O O O O O O O O O O O O O B-PERSON I-PERSON I-PERSON O O O B-PERSON I-PERSON I-PERSON O O O B-PERSON I-PERSON I-PERSON O O O O O
5607,研究所#則#是#生物#醫學#工程#的#簡名均,O O O O O O O O O O O O O O O O O O O B-PERSON I-PERSON I-PERSON
5623,以後#也#還是#有#機會#再#投入#職場,O O O O O O O O O O O O O O O O O O O O
5625,儘管#國#、#高中#都#未#再#接受#排球#訓練,O O O O O O O O O O O O O O O O O O O O O O O O
5627,他#也#直言#確實#沒有#想#過#會#有#打上#企排#的#一#天,O O O O O O O O O O O O O O O O O O O O O O O O O O O O O O O O
5628,對於#加入#連莊#他#也#直言#是#遇到#連莊#執行長#連華榮#這#名#「#伯樂#」,O O O O O O O O O O O O O O O O O O O O O O O O O O O O B-PERSON I-PERSON I-PERSON O O O O O O O O O O O
5634,但#對#自己#也#是#一#種#肯定,O O O O O O O O O O O O O O O O O
5635,希望#一#步#一#步#來,O O O O O O O O O O O O
5643,桃園#台產#喊出#暫停#調整,O O O O O O O O O O O O O O
5647,讓#太陽神#以#25:19#先#下#一#城,O O O O O O O O O O O O O O O O O O O O O
5649,有效#阻擋#太陽神#的#攻勢,O O O O O O O O O O O O O O
5663,新#賽季#勝#場#開張,O O O O O O O O O O O
5688,才#能#贏得#這#場#比賽,O O O O O O O O O O O O O
5695,2018# 年#台灣#於#亞運#奪下#男排#銅牌#榮耀,O O O O O O O O O O O O O O O O O O O O O O O O O O O
5705,終場#25:18#、#25:20#、#25:13#擊退#雲林#美津#濃,O O O O O O O O O O O O O O O O O O O O O O O O O O O O O O O O O O O
5716,但#桃園#臺產#迅速#找到#解方,O O O O O O O O O O O O O O O O
5731,conti#靠#著#宋柏霆#與#周冠宇#聯手#發威,O O O O O O O O O O B-PERSON I-PERSON I-PERSON O O O B-PERSON I-PERSON I-PERSON O B-COOPERATION I-COOPERATION O O O
5739,雲林#美津#濃#在#第三#局#還#以#顏色,O O O O O O O O O O O O O O O O O O O O O
5741,搭配#甘明修#、#温逸凱#大砲#連線,O O O B-PERSON I-PERSON I-PERSON O O O B-PERSON I-PERSON I-PERSON O O O O O O
5752,帶領#學弟#高偉誠#及#陳仕東,O O O O O O B-PERSON I-PERSON I-PERSON O O O B-PERSON I-PERSON I-PERSON
5754,五#局#中場#活動#由#二#次#站上#洲際#棒球場#的#太陽神#吳宗軒#帶#著#「#守護塔#」#林昱丞#一起#進行#中場#活動,O O O O O O O O O O O O O O O O O O O O O O O O O O O O O O O O B-PERSON I-PERSON I-PERSON O O O O O O O B-PERSON I-PERSON I-PERSON O O O B-PERSON I-PERSON I-PERSON O O O O O O O O O O O O
5757,站上#看#台席#與#PASSION SISTERS#一同#帶動#球迷#炒熱#現場#氣氛#為#中信#兄弟#加油,O O O O O O O O O O O O O O O O O O O O O O O O O O O O O O O O O O O O O O O O O O O O O O O O O O O O O O
5758,太陽神#兄弟檔#黃士展#、#黃柏叡,O O O O O O O O B-PERSON I-PERSON I-PERSON O O O B-PERSON I-PERSON I-PERSON
5764,周冠宇#、#雷諾#、#宋柏霆#三#重砲#出擊,B-PERSON I-PERSON I-PERSON O O O B-PERSON I-PERSON O O O B-PERSON I-PERSON I-PERSON O O O O O O O O
5782,此#役#拿下#21#分,O O O O O O O O O O O
5791,都#是#有目共睹,O O O O O O O O
5817,「#不要#管#過去#4#連敗,O O O O O O O O O O O O O O
5823,也#因此#發揮#不錯,O O O O O O O O O O
5824,〔#記者#梁偉銘#/#綜合#報導#〕#企業#17年#甲級#排球#聯賽#第5#週,O O O O O O O O O O O O O O O O O O O O O O O O O O O O O O O O O O O O O O O
5831,不料#conti#強勢#反撲,O O O O O O O O O O O O O O
5838,決勝局#雷諾#雖#攻破#三人攔網,O O O O B-PERSON I-PERSON O O O B-ATTACK I-ATTACK O B-DEFENSE I-DEFENSE I-DEFENSE I-DEFENSE
5839,conti#取得#13:12,O O O O O O O O O O O O O O
5855,一路#保持#領先,O O O O O O O O
5864,決戰#時刻#劉鴻敏#後#排殺出,O O O O O O B-PERSON I-PERSON I-PERSON O O O O O O
5869,曾茂聰#替補#上陣#表現#不#俗,B-PERSON I-PERSON I-PERSON O O O O O O O O O O O O O
5878,根據#對手#習性#做#防守#站位#調整,O O O O O O O O O O O B-DEFENSE I-DEFENSE O O O O O O
5880,〔#記者#梁偉銘#/#綜合#報導#〕#企業#17年#甲級#排球#聯賽#第5#週,O O O O O O O O O O O O O O O O O O O O O O O O O O O O O O O O O O O O O O O
5888,conti#開賽#就#由#周冠宇#、#宋柏霆#發起#攻勢,O O O O O O O O O O O O O B-PERSON I-PERSON I-PERSON O O O B-PERSON I-PERSON I-PERSON O O O O O O
5890,拉開#差距#先馳得#局,O O O O O O O O O O O
5895,最後#一#記#後#排#重砲,O O O O O O O O O O O O O
5905,宋柏霆#此#役#攻守#俱佳,B-PERSON I-PERSON I-PERSON O O O O O O O O O O
5910,雖然#自己#打球#時間#相對#被#壓縮,O O O O O O O O O O O O O O O O O O O
5911,但#身為#隊長#樂見#其#成,O O O O O O O O O O O O O O
5913,宋柏霆#也#會#挺身而出,B-PERSON I-PERSON I-PERSON O O O O O O O O O
5922,嚴加#看管#中纖#進攻發動機#龔詩雯#的#戰術#奏效,O O O O O O O O O B-PERSON I-PERSON I-PERSON I-PERSON I-PERSON O B-PERSON I-PERSON I-PERSON O O O O O O O O
5938,直落#3#關門#笑納#本#週#對戰#2#連勝,O O O O O O O O O O O O O O O O O O O O O O
5940,台電#黃瀞萱#在#攻擊#端#帶來#許多#威脅,O O O B-PERSON I-PERSON I-PERSON O O O B-ATTACK I-ATTACK O O O O O O O O O O O
5950,前後#排#由#周冠宇#、#宋柏霆#各#司#其#職#輸出#穩定#火力,O O O O O O O B-PERSON I-PERSON I-PERSON O O O B-PERSON I-PERSON I-PERSON O O O O O O O O O O O O O O O O O
5958,總算#扳回#1#局,O O O O O O O O O
5961,助#太陽神#再#搶#1#局#延長#戰線,O O O O O O O O O O O O O O O O O O O
5971,〔#記者#梁偉銘#/#綜合#報導#〕#企業#17#年#排球#甲級#聯賽#第6#週#移師#台中#台灣體#大,O O O O O O O O O O O O O O O O O O O O O O O O O O O O O O O O O O O O O O O O O O O O O O O O O O O O
5984,中間手#曾琬羚#、#黃芯瑜#穩定#的#直線#、#斜線攻擊#壓制,O O O O B-PERSON I-PERSON I-PERSON O O O B-PERSON I-PERSON I-PERSON O O O O O O O O O O O B-ATTACK I-ATTACK I-ATTACK I-ATTACK O O O
5987,迄#今#一#勝#難#求,O O O O O O O O O O O
5992,但#在#學姊#們#鼓勵#下,O O O O O O O O O O O O O
5999,台北#鯨華#雖#意外#折損#洋將#Beatriz#、#張芷瑄#兩#大#攻擊#主力,O O O O O O O O O O O O O O O O O B-PERSON I-PERSON I-PERSON I-PERSON I-PERSON I-PERSON I-PERSON O O O B-PERSON I-PERSON I-PERSON O O O O O O O O O O
6017,連#攻#帶守#掌握#節奏,O O O O O O O O O O O O
6019,加上#甘可慧#中路#強勢#取分,O O O B-PERSON I-PERSON I-PERSON O O O O O O O O O
6029,吳宗軒#、#高偉誠#等#主力#強攻#領軍#下,B-PERSON I-PERSON I-PERSON O O O B-PERSON I-PERSON I-PERSON O O O O O O O O O O O O O
6033,陳昭銘#延續#手感#頻頻#攻擊#得分,B-PERSON I-PERSON I-PERSON O O O O O O O O O O B-ATTACK I-ATTACK O O O
6038,各自#拿下#一#局,O O O O O O O O O
6040,conti#屢次#發生#配合#失誤#再#丟#1#局,O O O O O O O O O O O O O O O O O O O O O O O O O
6041,第4#局#雷諾#四#號位#回神,O O O O O O O O O O O O O O O
6043,有效#抵擋#高偉誠#攻勢,O O O O O O B-PERSON I-PERSON I-PERSON O B-ATTACK I-ATTACK
6053,所以#沒#太#大#壓力,O O O O O O O O O O O
6073,主攻#手#洪榮發#一#肩#扛#起#得分#重責,O O O O O B-PERSON I-PERSON I-PERSON O O O O O O O O O B-ATTACK I-ATTACK O O O
6085,但#仍#以#平常心#應對,O O O O O O O O O O O O
6096,由#甘茂宏#聯手#曾祥銘#、#林錦龍,O O B-PERSON I-PERSON I-PERSON O O O O B-PERSON I-PERSON I-PERSON O O O B-PERSON I-PERSON I-PERSON
6113,讓#黃正良#、#劉鴻敏#找到#突破#點,O O B-PERSON I-PERSON I-PERSON O O O B-PERSON I-PERSON I-PERSON O O O O O O O O
6115,最終#在#黃正良#的#變線#攻擊#、#許紋誠#犀利#的#長攻,O O O O O B-PERSON I-PERSON I-PERSON O O O O O O B-ATTACK I-ATTACK O O O B-PERSON I-PERSON I-PERSON O O O O O O B-ATTACK I-ATTACK
6123,今日#攻下#17#分#的#屏東#台電#許紋誠#賽#後#表示,O O O O O O O O O O O O O O O O O O O B-PERSON I-PERSON I-PERSON O O O O O O O
6127,待#對方#氣勢#高昂#會#越#難纏,O O O O O O O O O O O O O O O O O
6128,對於#陣#中#舉球#員#改由#黃宇晨#先發,O O O O O O O O O O O O O O O B-PERSON I-PERSON I-PERSON O O O
6131,隊友#也#會#打掉#不#好#的#球,O O O O O O O O O O O O O O O O O
6145,愛#山林#則#靠#著#黃珮甄#、#李子嫣#火力支援#扳平#戰局,O O O O O O O O O O O B-PERSON I-PERSON I-PERSON O O O B-PERSON I-PERSON I-PERSON O B-ATTACK I-ATTACK I-ATTACK I-ATTACK O O O O O O
6158,〔#記者#梁偉銘#/#綜合#報導#〕#企業#排球#聯賽#17#季#下#半#季#賽事,O O O O O B-PERSON I-PERSON I-PERSON O O O O O O O O O O O O O O O O O O O O O O O O O O O O O O O O O
6166,宋柏霆#二號位#扣殺#揭幕,B-PERSON I-PERSON I-PERSON O O O O O B-ATTACK I-ATTACK O O O
6169,很#快#取得#雙位數#領先,O O O O O O O O O O O O O
6173,雲林#美津#濃#試圖#反撲,O O O O O O O O O O O B-ATTACK I-ATTACK
6179,連#下#兩#城#取得#聽牌,O O O O O O O O O O O O O
6198,仍#攻#不#破#多#人#巨塔攔網,O O O O O O O O O O O O O O B-DEFENSE I-DEFENSE
6199,屏東#台電#先馳得#局,O O O O O O O O O O O
6209,打#順手#的#台電#毫不#放鬆,O O O O O O O O O O O O O O O
6210,林宜暉#、#顏振富#、#劉鴻敏#輪番#強攻#得手,B-PERSON I-PERSON I-PERSON O O O B-PERSON I-PERSON I-PERSON O O O B-PERSON I-PERSON I-PERSON O O O O B-ATTACK I-ATTACK O O O
6231,黃士展#也#用#連續#的#發球得分#澆熄#對手#反攻#氣焰,B-PERSON I-PERSON I-PERSON O O O O O O O O O O B-ATTACK I-ATTACK I-ATTACK I-ATTACK O O O O O O O B-ATTACK I-ATTACK O O O
6245,然而#臺中#太陽神#隨即#回穩#讓#比賽#陷入#拉鋸,O O O O O O O O O O O O O O O O O O O O O O O O O O
6255,擋住#超跑隊長#「#阿菲#」#陳菀婷#強力#殺球#帶動#的#反撲,O O O O O O O O O O B-PERSON I-PERSON O O O B-PERSON I-PERSON I-PERSON O O O O B-ATTACK I-ATTACK O O O O O O O O
6258,錯失#反攻#機會,O O O B-ATTACK I-ATTACK O O O
6261,讓#強敵#再#下#一#城#率先#聽#牌,O O O O O O O O O O O O O O O O O O O
6263,極速#超跑#重整旗鼓,O O O O O O O O O O
6264,由#陳菀婷#、#蔡幼群#帶出#領先#高潮,O O B-PERSON I-PERSON I-PERSON O O O B-PERSON I-PERSON I-PERSON O O O O O O O O O
6269,太陽神#原#為#台中#長力#男排,O O O O O O O O O O O O O O O O
6282,一口氣#扳平#戰局,O O O O O O O O O
6287,台電#在#第2#局#仍舊#壓#著#太陽神#打,O O O O O O O O O O O O O O O O O O O O O O
6296,搶回#一#局#的#太陽神,O O O O O O O O O O O O
6300,最後#發球#穩穩#得分,O O O O O O O O O O O
6307,他#認為,O O O O
6314,此外,O O
6315,鯨華#女排#在#這#次#邀請賽#熱情#提供#資源#協助,O O O O O O O O O O O O O O O O O O O O O O O O O O O
6319,公益#表演賽#名單,O O O O O O O O O
6321,明星隊#林敬倫#、#趙逸嵐#、#楊奇煜#、#王品澔#、#邱宇辰#、#吳霏,O O O O B-PERSON I-PERSON I-PERSON O O O B-PERSON I-PERSON I-PERSON O O O B-PERSON I-PERSON I-PERSON O O O B-PERSON I-PERSON I-PERSON O O O B-PERSON I-PERSON I-PERSON O O O B-PERSON I-PERSON
6325,將#由#「#電眼雙胞胎#」#劉鴻敏#、#劉鴻杰#領軍,O O O O O O O O O O O O O O B-PERSON I-PERSON I-PERSON O O O B-PERSON I-PERSON I-PERSON O O O
6329,兩#人#前#次#在#企排#同#隊#已經#是#在#國訓#時期,O O O O O O O O O O O O O O O O O O O O O O O O O O O O O
6345,已經#做好#準備#跟#大家#見面,O O O O O O O O O O O O O O O O
6349,〔#記者#粘藐云#/#台北#報導#〕#企業#排球#聯賽#球隊#連莊男排#今天#舉行#成軍#記者會,O O O O O B-PERSON I-PERSON I-PERSON O O O O O O O O O O O O O O O O O O O O O O O O O O O O O O O O O O O O O O O O
6360,能#和#布萊恩#同#隊,O O O O B-PERSON I-PERSON I-PERSON O O O O
6374,」#兩#人#也#說#好,O O O O O O O O O O O
6383,我們#總是#需要#出來#講話,O O O O O O O O O O O O O O
6385,無論#是#技術#還是#心態#方面,O O O O O O O O O O O O O O O O
6386,但#現在#球隊#已經#慢慢#步入#正軌,O O O O O O O O O O O O O O O O O O O
6394,但#現在#全#隊#團結一心,O O O O O O O O O B-COOPERATION I-COOPERATION O O
6422,「#其實#現在#每#隊#實力#都#不錯,O O O O O O O O O O O O O O O O O O O
6428,搭配#林書荷#、#陳怡伶#與#吳芳妤#等#人#滿#場#飛撲#嚴防,O O O B-PERSON I-PERSON I-PERSON O O O B-PERSON I-PERSON I-PERSON O O O B-PERSON I-PERSON I-PERSON O O O O O O O O O O O O B-DEFENSE I-DEFENSE
6429,硬是#抵擋#衛冕軍#兇猛#火力,O O O B-DEFENSE I-DEFENSE O O O O O O O O O O
6432,此#役#開賽#雙方#人馬#殺#的#難分難解,O O O O O O O O O O O O O O O O O O O O O
6434,鯨華#把握#台電#失誤#扳平#分數,O O O O O O O O O O O O O O O O O
6444,高雄#台電#試圖#重整旗鼓,O O O O O O O O O O O O O
6448,一#波流#把#差距#擴大到#7#分,O O O O O O O O O O O O O O O O O
6451,首#戰#由#今年#回歸#的#連莊#出戰# conti,O O O O O O O O O O O O O O O O O O O O O O O O O O
6454,conti #在#第三#局#靠#著#週#周冠宇#與#郭家銘#的#帶動#下#扳回#一#城,O O O O O O O O O O O O O O O O O O O O B-PERSON I-PERSON I-PERSON O O O B-PERSON I-PERSON I-PERSON O O O O O O O O O O O O O O
6457,終場#就#以# 25:17#、#25:13#、#22:25# #與# 25:16,O O O O O O O O O O O O O O O O O O O O O O O O O O O O O O O O O O O O O O O O
6461,連莊#迅速#取得#五#分#領先,O O O O O O O O O O O O O O O
6462,conti #也#被迫#喊出#暫停,O O O O O O O O O O O O O O O O O
6473,一度#將#差距#縮小#至#五分,O O O O O O O O O O O O O O O
6478,但#連莊#電眼#兄弟#的#雙人攔網#加上#劉鴻杰#在#三號位#的#快攻#得分#追平#比數,O O O O O O O O O O O O O O O B-DEFENSE I-DEFENSE O O O O B-PERSON I-PERSON I-PERSON O O O O O O O O O B-ATTACK I-ATTACK O O O O O O O O O
6483,暫停#回來# conti #繼續#火力#全#開,O O O O O O O O O O O O O O O O O O O O O O O
6499,連續攻擊#得分#幫助#球隊#緊咬#比數,O O B-ATTACK I-ATTACK O O O O O O O O O O O O O O O
6500,但#鯨華#不#間斷#的#一#輪#猛攻,O O O O O O O O O O O O O O O O B-ATTACK I-ATTACK
6502,第三#局,O O O O
6503,超跑#試圖#反撲,O O O O O O O O
6504,蔡幼群#與#葉軒岑#連續#得分#緊咬#比#分,B-PERSON I-PERSON I-PERSON O O O B-PERSON I-PERSON I-PERSON O O O O O O O O O O O O O
6509,超跑#立刻#喊出#暫停#調整,O O O O O O O O O O O O O O
6510,並#一路#追趕,O O O O O O O
6513,後#排#起跳#扣殺#得手#穩定#軍心,O O O O O O O B-ATTACK I-ATTACK O O O O O O O O O
6515,開賽#台電#主導#戰局,O O O O O O O O O O O
6516,犀利#的#快攻#打亂#台產#防線,O O O O O B-ATTACK I-ATTACK O O O O O O O O O
6517,第二#局#更#迅速#拉開#差距#到#21:11,O O O O O O O O O O O O O O O O O O O O O O O
6522,搶回#2#局#扳平#戰局,O O O O O O O O O O O O
6537,今年#高二#球技#更#成熟#也#不易#怯場,O O O O O O O O O O O O O O O O O O O O O
6538,9#場#27#局#中#僅#在#對壘#南大#成功#聯隊#時#失掉#1#局,O O O O O O O O O O O O O O O O O O O O O O O O O O O O O O O O O O O
6555,與#隊友#合力#守下#冠軍盃,O O O O O O O O O O O O O O
6570,但#台北#鯨華#替補#發威,O O O O O O O O O O O O O
6576,2#連敗#後#重啟#3#連勝,O O O O O O O O O O O O O O
6579,迄#今#一#勝#難#求,O O O O O O O O O O O
6580,今年#中纖#成員#林其蓉#、#葉于雯#皆#是#亞洲盃#國家隊#班底,O O O O O O O O O B-PERSON I-PERSON I-PERSON O O O B-PERSON I-PERSON I-PERSON O O O O O O O O O O O O O O O
6590,中纖陣#中#自由#球員#林其蓉#8月#披上#國家隊#戰袍#參與#亞洲盃,O O O O O O O O O O O O B-PERSON I-PERSON I-PERSON O O O O O O O O O O O O O O O O O O O O
6599,繼續#精進#自己#並#扛#起#重任,O O O O O O O O O O O O O O O O O
6605,CONTI#叫出#第一#次#暫停#後,O O O O O O O O O O O O O O O O O O
6610,主攻#手#蔡家豪#、#隊長#黃鈞璟#穩住#局面,B-ATTACK I-ATTACK O O O B-PERSON I-PERSON I-PERSON O O O O O O B-PERSON I-PERSON I-PERSON O O O O O O
6618,舉球#員#高得益#、#快攻#手#張良皓#接連#攔網#得分,O O O O O O O O O O O B-ATTACK I-ATTACK O O O B-PERSON I-PERSON I-PERSON O O O O B-DEFENSE I-DEFENSE O O O
6627,都#因為#對方#的#嚴密#防守,O O O O O O O O O O O O O B-DEFENSE I-DEFENSE
6636,叫#停止#血#後#加強#守備,O O O O O O O O O O O O B-DEFENSE I-DEFENSE
6640,一#波#8:3#的#超前#攻勢,O O O O O O O O O O O O O B-ATTACK I-ATTACK
6642,台電#25:14#討回#一#局,O O O O O O O O O O O O O O O
6647,23:23#時,O O O O O O O
6652,決勝局#雙方#火砲#四射,O O O O O O O O O O O O
6657,率#MIZUNO#隊#19:17,O O O O O O O O O O O O O O O O
6660,暫#列#第三,O O O O O O
6663,全#隊#都#很#棒,O O O O O O O O O
6712,而#排球甜心#廖苡任#首#集#表現#雖然#稍嫌#膽怯,O O O O O O O B-PERSON I-PERSON I-PERSON O O O O O O O O O O O O O O O O
6720,今年#新#入隊#的#甘可慧#則#搶下#先發#一#席,O O O O O O O O O O B-PERSON I-PERSON I-PERSON O O O O O O O O O O O O
6722,可#說#是#攻守#兼備,O O O O O O O O O O O
6731,將#比數#改寫為#10:5,O O O O O O O O O O O O O
6735,比數#始終#維持#在#3#分差#以內,O O O O O O O O O O O O O O O O O O
6755,第三#局,O O O O
6763,愛#山林#胡宸穎#及#吳沛緹#的#後排攻擊,O O O O O B-PERSON I-PERSON I-PERSON O O O B-PERSON I-PERSON I-PERSON O O O O O B-ATTACK I-ATTACK
6778,中纖#再次#尋求#暫停,O O O O O O O O O O O
6784,更#靠#著#黃瀞萱#的#「#沙西米#」#扣球#拉抬#氣勢,O O O O O O B-PERSON I-PERSON I-PERSON O O O O O O O O O O O B-ATTACK I-ATTACK O O O O O O
6801,帶給#鯨華#防守#不#小#的#麻煩,O O O O O O O O O O O O O O O O O
6825,心急#吃不了#熱#豆腐,O O O O O O O O O O O
6829,準備#收下#第一#局#的#勝利,O O O O O O O O O O O O O O O
6834,比賽#繼續#進行,O O O O O O O O
6839,但#吳芳妤#刁鑽#的#四號位#重扣#化解#局點,O O B-PERSON I-PERSON I-PERSON O O O O O O O O O O B-ATTACK I-ATTACK O O O O O O
6842,破#了#前#次#交手#首#局#31:29#的#比分#紀錄,O O O O O O O O O O O O O O O O O O O O O O O O O O O O
6846,鯨華#選擇#將#球#交給#首#局#把握度#極#高#的#甘可慧,O O O O O O O O O O O O O O O O O O O O O O O O O O O B-PERSON I-PERSON I-PERSON
6847,無奈#勝利#就#像#出界#的#球#一#去#不復#返,O O O O O O O O O O O O O O O O O O O O O O O O O
6853,鯨華#則#由#雙槍#吳芳妤#、#Beatriz#領軍#回擊,O O O O O O O O O O B-PERSON I-PERSON I-PERSON O O O B-PERSON I-PERSON I-PERSON I-PERSON I-PERSON I-PERSON I-PERSON O O O O O O
6869,拿下令#全#場#沸騰#的#一#分,O O O O O O O O O O O O O O O O
6870,逼#得#台電#緊急#請求#暫停,O O O O O O O O O O O O O O O
6871,阻斷#對手#攻擊#氣焰,O O O O O O B-ATTACK I-ATTACK O O O
6877,以#楊孟樺#為#核心#的#團防#體系#牢不可破,O O B-PERSON I-PERSON I-PERSON O O O O O O O O B-DEFENSE I-DEFENSE O O O O O O O O
6887,迅速#將#分差#縮小#至#7:8#僅#一#分#落後,O O O O O O O O O O O O O O O O O O O O O O O O O
6906,進攻#上#洪靖瑩#、#吳佩茹#都#能#有效#攻破#鯨華#防線,O O O O O B-PERSON I-PERSON I-PERSON O O O B-PERSON I-PERSON I-PERSON O O O O O O O O B-ATTACK I-ATTACK O O O O O O
6909,中段#戰,O O O O
6914,比分#16:9#之#際,O O O O O O O O O O O
6918,並#調上#陳莉鎔#擔任#舉球#員,O O O O O B-PERSON I-PERSON I-PERSON O O O O O O O O
6924,收下#局#末點,O O O O O O O
6926,鯨華#總#比分#2:0#領先,O O O O O O O O O O O O O O
6931,但#暫停#並#沒有#減緩#鯨華#快速#的#進攻#節奏,O O O O O O O O O O O O O O O O O O O O O B-ATTACK I-ATTACK O O O
6934,愛#山林#方面#仍#由#洪詩涵#扛#起#進攻#大旗,O O O O O O O O O O O O B-PERSON I-PERSON I-PERSON O O O O O B-ATTACK I-ATTACK O O O
6941,陳潔#攔下#比#她#高#約#20#cm#的#洪詩涵,B-PERSON I-PERSON O B-DEFENSE I-DEFENSE O O O O O O O O O O O O O O O O O B-PERSON I-PERSON I-PERSON
6948,將#賽末點#奉送給#對手,O O O O O O O O O O O O
6959,陳菀婷#強勁#的#直線攻擊#及#林書荷#攔網#得手,B-PERSON I-PERSON I-PERSON O O O O O O O O B-ATTACK I-ATTACK O O O B-PERSON I-PERSON I-PERSON O O B-DEFENSE O O O
6969,第二#局#開始,O O O O O O O
6974,取得#6:3#領先,O O O O O O O O O
6978,超跑#多點開花,O O O O O O O
6999,超跑#請求#暫停,O O O O O O O O
7003,球隊#也#以#20:14#居於#領先#地位,O O O O O O O O O O O O O O O O O O O O O
7007,因#學姐#們#缺席#而#頂上#先發#的#陳莉鈞,O O O O O O O O O O O O O O O O O O O O B-PERSON I-PERSON I-PERSON
7011,陳潔#兩#度#精彩#吊球,B-PERSON I-PERSON O O O O O O O O O O
7013,取得#大幅#領先,O O O O O O O O
7026,鯨華#達陣#8#分#門檻,O O O O O O O O O O O O
7039,鯨華#陷入#苦戰,O O O O O O O O
7056,睽違#五#年#再次#在#企業#排球#聯賽#連袂#出賽,O O O O O O O O O O O O O O O O O O O O O O O O O O
7057,為#新#賽季#男子組#投下#一#枚#震撼彈,O O O O O O O O O O O O O O O O O O O O O
7059,兩#兄弟#旅#外#征戰#多#年,O O O O O O O O O O O O O O O
7061,先#是#哥哥#劉鴻敏#於#企排#16年#下#半#季#加盟#桃園#臺#產,O O O O O O O B-PERSON I-PERSON I-PERSON O O O O O O O O O O O O O O O O O O O O O O O O O
7062,隔年#轉入#連霸#勁旅#—#屏東#台電,O O O O O O O O O O O O O O O O O O O
7068,與#哥哥#攜手#入選#國家隊,O O O O O O O O O O O O O O
7076,更#一併#網羅#菲律賓籍#的#洋將#布萊恩#(#Bryan Bagunas#),O O O O O O O O O O O O O O O O O O B-PERSON I-PERSON I-PERSON O O O B-PERSON I-PERSON I-PERSON I-PERSON I-PERSON I-PERSON I-PERSON I-PERSON I-PERSON I-PERSON I-PERSON I-PERSON I-PERSON O O
7078,司職#主攻#手,O O O O O O O
7081,排名#第六#的#優異#表現,O O O O O O O O O O O O O
7090,然而,O O
7099,不慎#弄傷#膝蓋,O O O O O O O O
7100,經#檢查#後#必須#動刀#治療,O O O O O O O O O O O O O O O
7103,為#了#填補#陣容#缺口,O O O O O O O O O O O O
7109,根據#球員#名單,O O O O O O O O
7135,與#Bia#聯手#將#四#分#差距#弭平,O O B-PERSON I-PERSON I-PERSON O B-COOPERATION I-COOPERATION O O O O O O O O O O O O
7137,鯨華#也#在#此時#決定#進行#球員#輪替,O O O O O O O O O O O O O O O O O O O O O
7139,期望#能#達到#改變#比賽#節奏#的#效果,O O O O O O O O O O O O O O O O O O O O O
7166,台電#兩#名#攔中#手#黃芯瑜#、#廖嘉蓉#扛#起#得分#重任,O O O O O O O O O O O O B-PERSON I-PERSON I-PERSON O O O B-PERSON I-PERSON I-PERSON O O O O O O O O O O
7182,追平#比#分,O O O O O O
7192,利用#後排攻擊#將#賽末點#收入#口袋,O O O O O B-ATTACK I-ATTACK O O O O O O O O O O O O
7210,隊友#也#受到#鼓舞,O O O O O O O O O O
7223,精準#的#落在界#內區,O O O O O O O O O O O
7230,中纖#更換#舉球#員,O O O O O O O O O O
7233,一#波#6-3#的#攻勢#追平#比數,O O O O O O O O O O B-ATTACK I-ATTACK O O O O O O
7234,儘管#成效#卓著,O O O O O O O O
7246,中纖#奪下#聽牌局,O O O O O O O O O
7254,中段#戰,O O O O
7258,25:15,O O O O O
7265,23:22,O O O O O
7267,回到#比賽,O O O O O
7271,掌握#發球權#的#鯨華#也#不#拖泥帶水,O O O O O O O O O O O O O O O O O O O O
7273,廖苡任#與#Gabi#連線#成功,B-PERSON I-PERSON I-PERSON O O O B-PERSON I-PERSON I-PERSON I-PERSON O B-COOPERATION I-COOPERATION O O O
7290,只要#順利#收下,O O O O O O O O
7294,中纖#先#靠#著#邱雅慧#攻擊#追回#一#分,O O O O O O O O O B-PERSON I-PERSON I-PERSON O B-ATTACK I-ATTACK O O O O O O O
7295,鯨華#又#自亂陣腳#連續#失誤,O O O O O O O O O O O O O O O
7302,聯手#兩#名#巴西#洋將#幫助#隊伍#建立#9:5#領先#優勢,B-COOPERATION I-COOPERATION O O O O O O O O O O O O O O O O O O O O O O O O O O O O O
7303,儘管#尋求#暫停#止血,O O O O O O O O O O O
7304,但#超跑#自身#卻#頻繁#出現#失誤,O O O O O O O O O O O O O O O O O O
7311,超跑#一#波#3#-0#的#攻勢#將#比#分差#縮小,O O O O O O O O O O O O O O O O O O O O O O O O O O
7320,鯨華#收下#首#局,O O O O O O O O O
7334,13:13#雙方戰#平,O O O O O O O O O O O
7343,一#記#Ace#球#為#命#懸#一#線#的#隊伍#保住#一#線#生機,O O O O O O O O O O O O O O O O O O O O O O O O O O O O O O O O O O
7351,林書荷#隨後#補上#後排攻擊,B-PERSON I-PERSON I-PERSON O O O O O O O O O B-ATTACK I-ATTACK
7374,鯨華#摧枯#拉朽#一#波#6#-1#攻勢,O O O O O O O O O O O O O O O O O O O O
7377,立馬#更換#舉球#員,O O O O O O O O O O
7382,隨後#甘可慧#和#吳芳妤#雙姝#聯手,O O O B-PERSON I-PERSON I-PERSON O O O B-PERSON I-PERSON I-PERSON O O O O B-COOPERATION I-COOPERATION
7410,將#比數#改寫為#16:12,O O O O O O O O O O O O O O
7430,搭配#愛山林#的#失誤,O O O O O O O O O O O
7451,這#記#防守#也#讓#conti#氣勢#高漲,O O O O B-DEFENSE I-DEFENSE O O O O O O O O O O O O O O O O
7460,屏東#台電#蔡沛彰#跳發#Ace#及#發球得分#幫助#隊伍#甩開#conti#的#糾纏,O O O O O O B-PERSON I-PERSON I-PERSON O O O O O O O O O O B-ATTACK I-ATTACK I-ATTACK I-ATTACK O O O O O O O O O O O O O O O O O O O O
7473,一路#咬到#7#比#7#平手,O O O O O O O O O O O O O O
7476,進攻#端#屏東#台電#蔡沛彰#三號位#的#快攻#得分#及#曾茂聰#的#斜線攻擊#助#隊伍#維持#優勢,B-ATTACK I-ATTACK O O O O O O O O O B-PERSON I-PERSON I-PERSON O O O O O O O B-ATTACK I-ATTACK O O O O O O B-PERSON I-PERSON I-PERSON O O O O O B-ATTACK I-ATTACK O O O O O O O O O O O
7485,以#3:1#打敗#MIZUNO,O O O O O O O O O O O O O O O
7488,臺電#原#自由#球員#李佳軒#下#半#季#當兵#改披#國訓隊#戰袍#後,O O O O O O O O O O O B-PERSON I-PERSON I-PERSON O O O O O O O O O O O O O O O O O O O O O
7491,昨天#就#被#抓#了#一#次#犯規,O O O O O O O O O O O O O O O O O
7498,終於#闖出#屬於#自己#的#一#片#天,O O O O O O O O O O O O O O O O O O O
7514,教練#費嘉騏#看中#他#的#敏捷度,O O O B-PERSON I-PERSON I-PERSON O O O O O O O O O O O
7520,「#我們#預賽#沒#打好#一路#輸,O O O O O O O O O O O O O O O O O
7528,企聯#二#年#、#三#年#及#五#年#都#是#國訓隊#外聘#球員,O O O O O O O O O O O O O O O O O O O O O O O O O O O O O O O O
7548,他#仔細#觀察#、#學習,O O O O O O O O O O O O
7549,像#塊#海棉#不斷#吸收#養份,O O O O O O O O O O O O O O O
7550,因為#他#知道,O O O O O O O
7551,機會#只#給#準備好#的#人,O O O O O O O O O O O O O O
7557,只要#球隊#大幅#領先#就#讓#盧清銓#上場,O O O O O O O O O O O O O O O O B-PERSON I-PERSON I-PERSON O O O
7566,不用#為#了#生計,O O O O O O O O O
7575,有#更多#的#人#投入#在#排球#這#個#領域,O O O O O O O O O O O O O O O O O O O O O O O
7600,卻#從#完全#不會#到#成為#國家隊#教練,O O O O O O O O O O O O O O O O O O O O O
7613,生活#多#了#個#重心,O O O O O O O O O O O
7616,回首#來時路,O O O O O O
7619,不管#是#贏#球#的#喜悅#、#還是#輸球#的#不#甘心,O O O O O O O O O O O O O O O O O O O O O O O O O O O O
7626,謝謝#球迷#們#願意#進場#看#比賽,O O O O O O O O O O O O O O O O O O
7632,以及#快攻#手#曾琬羚,O O O O O O O O B-PERSON I-PERSON I-PERSON
7638,林嘉欣#/#攝影,B-PERSON I-PERSON I-PERSON O O O O O
7644,更#是#意外#中#的#意外,O O O O O O O O O O O O O
7646,陣#中#球員#均#為#一時之選,O O O O O O O O O O O O O O O
7648,也#因此,O O O O
7651,原來#85#年次#的#台#馬#混血兒#劉美菁,O O O O O O O O O O O O O O O O O O O B-PERSON I-PERSON I-PERSON
7658,排球隊#給#我#家#的#感覺,O O O O O O O O O O O O O O
7664,而且#還是#甲組#球隊,O O O O O O O O O O O
7676,覺得#很#值得,O O O O O O O
7681,真的#好#幸福,O O O O O O O
7683,第一#次#站上#企業#排球#聯賽#舞台#超#緊張,O O O O O O O O O O O O O O O O O O O O O O O O
7689,也#因為#珍惜#這#突如其來#的#幸福,O O O O O O O O O O O O O O O O O O O
